smartstore,category,product_id,user_id,apply_date,question,answer
채소애 (사업자 / 개인 사업자),기타,5546458502,minh******,2024.11.10.,신선한 상품으로 부탁 드려요,답변 없음
채소애 (사업자 / 개인 사업자),배송,5546458502,hyun*****,2024.11.07.,토요일 배송출발도 하나요? 토요일에 주문하면 월요일에 출발해서 화요일에 받는걸까요?,"안녕하세요. 문의주셔서 대단히 감사합니다. 
금요일 오전 11시 이전 주문건에 대해 금요일 출고되며
이후 주문건은 토요일, 일요일은 택배사 발송이 불가하여 
월요일 발송됩니다 :)"
채소애 (사업자 / 개인 사업자),상품,5546458502,yeon****,2024.11.05.,사장님 새끼무 아니고 알타리 달랑무 맞을까요??,"안녕하세요. 문의주셔서 대단히 감사합니다. 
현재 새끼무가 아닌 알타리무 / 초롱무 판매하고 있습니다. 
주문시 배송메모 내 크기 요청사항 남겨주시면 가능한 잘 선별하여 보내드리겠습니다 :)"
채소애 (사업자 / 개인 사업자),"배송, 상품",5546458502,gjeo***,2024.11.04.,초롱 무 5단 쪽파 1단 묶음 배송 될까요...강원도 총롱무인가요,"안녕하세요. 저희 상품을 찾아주셔서 대단히 감사합니다. 
초롱무 구매 링크 내 추가구성상품으로 쪽파 선택해주시면 
합배송 가능합니다 :)

지금은 강원도 초롱무는 작업이 마무리되어 전라도 초롱무로 발송됩니다."
채소애 (사업자 / 개인 사업자),상품,5546458502,cher*****,2024.10.24.,사장님 휴~~~ 이게 뭔가요 이런거 팔아도 되는거에요~~?? 전잎은 둘째치고 무가 다 말랐고 뽑은지 최소 일주일은 넘은 것 같던데,"안녕하세요. 
톡톡 문의글 확인 후 답변드렸습니다."
채소애 (사업자 / 개인 사업자),상품,5546458502,qhdu****,2024.10.17.,안녕하세요. 초롱무1단에 대략 8~10개 들어있는건가요? 맵지는 않은지 문의 드려봅니다.,"안녕하세요. 문의주셔서 대단히 감사합니다.
초롱무 한 단 8개~13개 수량으로 보통 10개 내외입니다 :)
무 크기에 따라 한 단에 수량 차이가 있습니다.

이번주 보내드리는 강원도 초롱무는 지금 시기에도 그리 맵지 않고 맛있습니다 ^^"
채소애 (사업자 / 개인 사업자),상품,5546458502,jiny********,2024.10.15.,안녕하세요 언제부터알타리무나오나요? 구매하고싶은데지금구매하면초롱무오나요?,"안녕하세요. 문의주셔서 대단히 감사합니다. 
지금은 초롱무로 발송되며 알타리무는 10월 말~11월 초부터 출하되어 판매 예정입니다 :)"
채소애 (사업자 / 개인 사업자),상품,5546458502,gjeo***,2024.10.11.,초롱무 1단에 무가 몇 개 정도일까요 ...작년에 구매 만족 해서 기다렸다 주문 하려 합니다 ..아직은 쓴맛이 강한지 궁금합니다,"안녕하세요. 문의주셔서 감사합니다. 
초롱무 1단 무 크기에 따라 8~13단 수량입니다.
지금 강원도 초롱무는 매운기가 거의 없이 맛있습니다 :)"
채소애 (사업자 / 개인 사업자),상품,5546458502,mudo***,2024.10.01.,초롱무로 김치 담그려하는데 지금 맛 크기 괜찮나요? 너무 큰건 싫어서요,"안녕하세요. 문의주셔서 감사합니다. 
초롱무 요즘 상태 괜찮습니다. 
무 크기는 한 단에도 크고 작은 무가 섞여있으며 
주문시 배송메모 내 크기 요청사항 꼭 남겨주시면 
너무 크지 않은 무로 선별하여 보내드리겠습니다."
채소애 (사업자 / 개인 사업자),상품,5546458502,tric*****,2024.09.22.,초롱무 주문가능한가요?,"안녕하세요. 문의주셔서 감사합니다. 
초롱무 현재 상시 판매 중입니다 :)"
채소애 (사업자 / 개인 사업자),상품,5546458502,lo****,2024.08.26.,사장님 초롱무랑 알타리무가 어떤차이가있을까용,"안녕하세요. 문의주셔서 감사합니다. 
보통 10월 말~6월 초까지 알타리무가 나오며 
6월 초~10월 중순까지는 초롱무가 출하됩니다. 

초롱무는 연하면서 아삭한 맛이며 알타리무는 단단하여 저장성이 더 좋습니다 :)"
채소애 (사업자 / 개인 사업자),배송,5546458502,lond*****,2024.08.20.,안녕하세요~~ 초롱무 오전8시경 주문했는데 오늘 출발할까요??^^ 태풍도 온다고 하니 걱정되네요...,"안녕하세요. 저희 상품을 주문해주셔서 대단히 감사합니다. 
주문해주신 상품은 20일 발송되어 21일 오늘 배송 예정입니다.
맛있게 드시길 바라겠습니다 :)"
채소애 (사업자 / 개인 사업자),상품,5546458502,gjeo***,2024.08.13.,황토 알타리는 언제 나올까요,"안녕하세요. 문의주셔서 대단히 감사합니다. 
황토 알타리무는 10월 말~11월 초 출하 예정입니다 :)"
채소애 (사업자 / 개인 사업자),상품,5546458502,rudg******,2024.08.11.,판매자님^^ 한단이 가늠이 안되서 여쭤봅니다 초롱무 한단은 무가 몇개쯤 들어있나요??,"안녕하세요. 문의주셔서 감사합니다. 
초롱무 한 단 무 크기에 따라 8-12개 수량입니다. 
무가 큰 경우 8,9개 수량이며 작은 경우 12개까지 묶여있습니다."
채소애 (사업자 / 개인 사업자),"상품, 배송",5546458502,your****,2024.06.21.,"사장님 안녕하세요~?? 기장쪽파가 너무 싱싱하게 도착해서 깜짝 놀랐습니다~ 날씨도 더운데,, 아이스 박스에 아이스팩까지 넣어서 상품 꼼꼼하게 보내주셔서 정중하게 감사드립니다~ 알타리무 주문 넣었는데 너무 크지앓은 것으로 가능한지 문의드립니다~!!","안녕하세요. 다시 찾아주셔서 대단히 감사합니다. 
날이 더워 포장에 더욱 신경을 쓰고 있습니다. 
싱싱하게 받아보셨다니 정말 다행입니다 ^^
알타리무가 이제 마무리단계로 무가 큰편입니다만
가능한 너무 크지 않은무로 선별하여 보내드렸습니다 :)

따듯한 말씀에 깊이 감사드리며
맛있게 드시길 바라겠습니다!"
채소애 (사업자 / 개인 사업자),"상품, 배송",5546458502,your****,2024.06.16.,"안녕하세요~~~ 알타리무 구매예정인데요... 사이즈가 어느정도 되는지,, 배송일 소요일은 얼마나 걸리는지 문의드립니다~","안녕하세요. 저희 상품을 주문해주셔서 대단히 감사합니다. 
지금 알타리무는 큰 편입니다. 
오전 11시 이전 주문건에 대해 당일 출고되며
상품 발송시 대부분 익일 도착으로 배송되며 간혹 지역에 따라 
하루 더 소요되는 경우도 있습니다.)"
채소애 (사업자 / 개인 사업자),"상품, 배송",5546458502,theo******,2024.05.21.,알타리는 재배지가 전남 아닌가요? 택배가 왜 부산에서 출발하는거죠?,"안녕하세요. 저희 상품을 주문해주셔서 대단히 감사합니다. 
알타리무 전라남도 영암, 무안에서 재배되며 수확 후 당일 입고되면 
부산에서 선별, 포장 후 발송됩니다 :)"
채소애 (사업자 / 개인 사업자),상품,5546458502,lomo****,2024.05.17.,지금 열무찰 맞죠? 열무크기가 너무 안컸으면 하는데 어떤가요?,"안녕하세요. 문의주셔서 감사합니다. 
열무철 맞습니다. 주문시 배송메모 내 요청사항 남겨주시면
잘 선별하여 보내드리겠습니다 :)"
채소애 (사업자 / 개인 사업자),상품,5546458502,kgw9***,2024.05.15.,알타리 주문하면서 쪽파 주문함 머리 얇은 여린 쪽파로 보내주실 수 잇나요?,"안녕하세요. 저희 스토어를 찾아주셔서 대단히 감사합니다.
주문시 배송 메모 내 크기 요청사항 남겨주시면 선별하여 보내드리겠습니다 :)"
채소애 (사업자 / 개인 사업자),상품,5546458502,theo******,2024.05.15.,"초롱무, 알타리무 차이가 뭔가요? 각각 용도도 다른가요?","안녕하세요. 문의주셔서 감사합니다. 
종자의 차이이지만 용도는 동일합니다.
두 상품 모두 총각김치, 달랑무, 동치미 등 동일하게 사용 가능합니다. 

알타리무는 보다 단단하며 초롱무는 연하면서 아삭한 식감입니다."
채소애 (사업자 / 개인 사업자),기타,5546458502,keh5***,2024.05.13.,좋은 상품으로 보내주세요~ 수고하세요 ~,"안녕하세요. 저희 상품을 주문해주셔서 대단히 감사합니다.
오늘 좋은 상품으로 보내드리겠습니다 :)"
채소애 (사업자 / 개인 사업자),배송,5546458502,shsh****,2024.05.01.,금욜까지 도착 부탁합니다,"안녕하세요. 저희 상품을 주문해주셔서 대단히 감사합니다. 
주문해주신 상품은 오늘 발송됩니다. 
오늘 발송시 목요일 또는 금요일 배송 예정입니다 :)"
채소애 (사업자 / 개인 사업자),기타,5546458502,rktm********,2024.04.21.,조금전에 알타리무 주문했는데요~ 신선하고 좋은 알타리로 부탁합니다.~^^,"안녕하세요. 저희 상품을 주문해주셔서 대단히 감사합니다. 
오늘 싱싱한 알타리무로 잘 준비해서 보내드리겠습니다 :)"
채소애 (사업자 / 개인 사업자),기타,5546458502,ag****,2024.04.11.,방금주문했어요 뭐가 잘못된건지 두번이나취소가 되네요 주문자;정재희 다듬어서통째로 물김치 담을거예요 무청싱싱하고 이쁜걸루 보내주세요 이쁜거 보내달라고 5kg짜리 안시키고 이거 시켜요^^~,"안녕하세요. 저희 상품을 주문해주셔서 대단히 감사합니다. 
지금은 무가 큰 편이라 가능한 크기 선별하여 보내드렸습니다. 
맛있게 드시길 바라겠습니다^^"
채소애 (사업자 / 개인 사업자),교환 / 환불,5546458502,kimj*******,2024.04.03.,반품 신청 했으니 확인 하시고 처리해주세요 오전 11전 주문건 당일 배송이라 계획하에 주문 했지만 배송도 안하고 안내 문자도 없고 빨리 취소해주세요,"안녕하세요. 저희 상품을 주문해주셔서 대단히 감사합니다. 
주문해주신 상품은 3일 정상 출고되었습니다. 
택배사 전산 등록 시간이 늦어지는 경우 
배송조회가 오후 늦게 확인가능합니다. 

맛있게 드시길 바랄게요 :)"
채소애 (사업자 / 개인 사업자),상품,5546458502,gjeo***,2024.03.25.,지난 12월 구매해서 맛있는 김치로 만족했습니다 지금 주문 하면 12월에 구매 했던 알타리와 같은 건가요,"안녕하세요. 저희 상품이 만족스러우셨다니 정말 다행입니다 :)
지금은 12월 구매하신 상품보다 무가 많이 큰 편입니다만 
맛은 동일하게 달고 아삭하고 맛있습니다 :)"
채소애 (사업자 / 개인 사업자),배송,5546458502,taes****,2024.03.20.,배추랑 같이주문할까하는데 묶음배송 안되나요?,"안녕하세요. 문의주셔서 대단히 감사합니다. 
알배추는 합배송 가능하며 통배추는 분리배송됩니다."
채소애 (사업자 / 개인 사업자),상품,5546458502,mans***,2024.03.18.,지금 알타리 괜찮은가요? 언제 작업하신건가요?,"안녕하세요. 문의주셔서 대단히 감사합니다. 
요즘 알타리무 상태 좋습니다. 
항상 전일 또는 당일 수확 상품으로 발송됩니다. 
감사합니다 :)"
채소애 (사업자 / 개인 사업자),배송,5546458502,kmh6***,2024.03.14.,오늘시키면 토욜에꼭 받을수있나요?,"안녕하세요. 문의주셔서 대단히 감사합니다.
금요일 오전 11시 이전 주문시 당일 출고됩니다. 
상품 발송시 대부분 익일 도착으로 배송되며 
간혹 지역에 따라 영업일 기준 하루 더 소요되는 경우도 있습니다."
채소애 (사업자 / 개인 사업자),배송,5546458502,leey******,2024.02.26.,내일 오전에 주문하면 언제 도착 하나요?,"안녕하세요. 문의주셔서 대단히 감사합니다. 
알타리무는 오전 11시 이전 주문건에 대해 당일 출고됩니다.
상품 발송시 대부분 익일 도착으로 배송되며 간혹 지역에 따라 하루 더 소요되는 경우도 있습니다."
채소애 (사업자 / 개인 사업자),배송,5546458502,soha****,2024.02.16.,아침7:50분에 주문했는데 발송이 안되었나요?? 주말에 담으려고 했는데 하;...,안녕하세요. 저희 상품을 주문해주셔서 대단히 감사합니다. 주문해주신 상품은 오늘 발송되었습니다. 맛있게 드시길 바라겠습니다 :)
채소애 (사업자 / 개인 사업자),배송,5546458502,dkfk****,2024.02.15.,내일 안으로 도착하나요?????????? 급해요~~~ 빠른답변 부탁드려요~~~,"안녕하세요. 저희 상품을 주문해주셔서 감사합니다.
주문해주신 상품은 어제 발송되어 오늘 아침 해당 집배센터에 
도착한 것으로 확인됩니다. 맛있게 드시길 바라겠습니다 :)"
채소애 (사업자 / 개인 사업자),상품,5546458502,rkaq*****,2024.02.07.,지금 알타리가 잇나여? 바람안들고 잎 싱싱한거로여,"안녕하세요. 문의주셔서 대단히 감사합니다. 
지금도 알타리무 무도 잎도 상태 좋습니다 :)
무청은 싱싱하며 끝마름이나 누런 전잎은 있을 수 있습니다.

주문해주시면 맛있는 알타리무로 잘 준비해서 보내드리겠습니다^^"
채소애 (사업자 / 개인 사업자),기타,5546458502,gmls****,2024.01.20.,방금 주문했어요 채소애 늘~믿고 구매 하고 있어요 이번에도 좋은 알타리 얼지 않게 보내주시면 감사하겠습니다.,"안녕하세요. 항상 믿고 찾아주셔서 정말 감사드립니다. 
잘 포장해서 보내드렸습니다. 맛있게 드시길 바라겠습니다^^
오늘도 따뜻한 하루 되세요!"
채소애 (사업자 / 개인 사업자),기타,5546458502,plum***,2024.01.20.,"지난번~주문한~알타리,맛있어서 재구매합니다! 무청이 길지 않은걸로 선별해서 보내 주세요! 감사합니다^^","안녕하세요. 다시 찾아주셔서 대단히 감사합니다. 
저희 알타리무가 맛있다하시니 큰 보람이 됩니다^^
지금은 무청이 긴편이라 가능한 선별하여 보내드렸습니다. 
맛있게 드시길 바라겠습니다 :)"
채소애 (사업자 / 개인 사업자),기타,5546458502,hkju*****,2024.01.18.,지난주 받아서 담은 김치가 너무 맛있어서 또 주문 합니다. 이번에도 좋은상품으로 부탁드립니다.,"안녕하세요. 다시 찾아주셔서 대단히 감사합니다. 
저희 알타리무가 맛있다하시니 정말 기뻐요^^
오늘도 싱싱하고 좋은 상품으로 보내드리겠습니다 :)"
채소애 (사업자 / 개인 사업자),기타,5546458502,miym****,2024.01.18.,황토알타리 평이 좋아 구매하게 되었어요~ 쪽파도 좋을거라 생각하고 기대하고 있겠습니다 ~ㅎ 신선하고 맛있는 상품 안전배송 잘 부탁드립니다~^-^,"안녕하세요. 저희 상품을 주문해주셔서 대단히 감사합니다. 
오늘 신선하고 맛있는 상품으로 보내드리겠습니다 :)
좋은 하루 되세요^^"
채소애 (사업자 / 개인 사업자),기타,5546458502,jjan****,2024.01.17.,황토 알타리무 주문했습니다 무청 싱싱한걸로 보내주시면 감사하겠습니다~,"안녕하세요. 저희 상품을 주문해주셔서 대단히 감사합니다.
오늘 싱싱한 알타리무로 보내드리겠습니다 ^^"
채소애 (사업자 / 개인 사업자),상품,5546458502,jjan****,2024.01.15.,1단의 중량이 어는 정도 되나요?,"안녕하세요. 문의주셔서 대단히 감사합니다. 
알타리무 1단에 1.5kg-2.5kg 내외로 
무 10개 내외입니다. 

무 크기에 따른 중량 차이가 있는 점 안내드립니다. 
주문해주시면 맛있는 알타리무로 보내드리겠습니다^^"
채소애 (사업자 / 개인 사업자),상품,5546458502,jjan****,2024.01.15.,요즘도 싱싱한 무청이 달려있나요? 주문하려는데 무청이 싱싱하게 달려있는지 문의드립니다,"안녕하세요. 문의주셔서 감사합니다. 
요즘 무청 싱싱하고 좋습니다. 
다만 일부 끝마름은 있을 수 있는 점 미리 안내드립니다. 
무, 무청 상태를 파릇하고 괜찮습니다 :)"
채소애 (사업자 / 개인 사업자),기타,5546458502,2mar*****,2024.01.11.,지금알타리 주문했어요. 리뷰가 너무 좋아서 믿고 주문합니다. 무 달고 무청도 싱싱한 걸 부탁드려요. 5단중 1단은 무만 했어요.4단은 무청 너무 적은걸로 주지말고 적당히 있는걸로주세요. 추운날씨에 감기조심하시고 수고하세요 ^^,"안녕하세요. 저희 상품을 주문해주셔서 대단히 감사합니다. 
싱싱한 상품으로 잘 선별하여 보내드리겠습니다^^
오늘도 따뜻한 하루 보내세요!"
채소애 (사업자 / 개인 사업자),"기타, 배송",5546458502,dktl*******,2024.01.10.,지금 알타리무5단 주문했어요~ 황토 알타리무 맞죠?날이 추워 얼지 않을지 걱정이에요. 올핸 김장도 늦어 못해서 늦게나마 알타리무 하려고 주문합니다~~좋은 알타리로 얼지않게 잘 포장해서 보내주세용~ 줄기 싱싱한 알타리 알이 작은걸로 보내주세요~ 금요일 받을수 있을까요?^^ 좋은 알타리로 부탁드립니다.사장님 맛있으면 계속이용하겠습니당~~,"안녕하세요. 저희 상품을 주문해주셔서 대단히 감사합니다. 
맛있는 무로 잘 선별해서 보내드리겠습니다^^
오늘 발송시 대부분 익일 도착으로 배송되며
간혹 지역에 따라 하루 더 소요되는 경우도 있습니다 :)"
채소애 (사업자 / 개인 사업자),상품,5546458502,gree********,2024.01.09.,혹시 지금주문하는 무는 알타리인가요 ?? 초롱무인가요 ??,"안녕하세요. 문의주셔서 감사합니다.
지금은 알타리무로만 판매하고 있습니다 :)

초롱무는 올해 6월경 판매 예정입니다."
채소애 (사업자 / 개인 사업자),기타,5546458502,kims*****,2024.01.08.,알타리2단 주문했어요 쪽파도 김치할거라 좋은것 보내주셔요~,"안녕하세요. 저희 상품을 주문해주셔서 대단히 감사합니다. 
오늘 싱싱한 상품으로 잘 준비해서 보내드리겠습니다^^"
채소애 (사업자 / 개인 사업자),상품,5546458502,jind******,2024.01.08.,혹시 바람들진않았을까요~~,"안녕하세요. 문의주셔서 감사합니다. 
생물의 속의 100% 알 수 없다보니 
혹시나 문제가 있을 경우 
수령 후 24시간 이내 연락주시면 
책임을 다해 처리 도와드리고 있습니다. 

감사합니다 :)"
채소애 (사업자 / 개인 사업자),기타,5546458502,ihab****,2024.01.05.,지금도 주문 가능할까요~?,"안녕하세요. 문의주셔서 감사합니다. 
알타리무는 상시 판매하고 있습니다 :)"
채소애 (사업자 / 개인 사업자),기타,5546458502,ssuu*******,2023.12.28.,지금 알타리 2단 주문합니다 봄동 도요 싱싱하고 좋은걸로 선별 잘 부탁드립니다 꼭이요🙏,"안녕하세요. 저희 상품을 주문해주셔서 대단히 감사합니다. 
오늘 싱싱한 상품으로 보내드렸습니다. 
맛있게 드시길 바라겠습니다^^

따뜻한 연말 보내세요!"
채소애 (사업자 / 개인 사업자),상품,5546458502,kimk*****,2023.12.25.,안녕하세요 알타리 5단 주문하고싶은데 보통시장에서 파는1단인가요? 키로로 나오니 감이 안와서요 상태도 알고싶구요,"안녕하세요. 문의주셔서 대단히 감사합니다. 
지역에 따라 단 차이는 있습니다만 일반 한 단 수량입니다. 
지금은 무 한단에 10개-12개 내외이며 무 크기에 따른 수량 차이는 있습니다."
채소애 (사업자 / 개인 사업자),기타,5546458502,octs*****,2023.12.22.,답변고맙습니다.야채가 얼리않도록 잘보내주세요^^,"감사합니다. 
잘 포장해서 보내드리겠습니다.
따뜻한 연말 보내세요^^"
채소애 (사업자 / 개인 사업자),배송,5546458502,octs*****,2023.12.21.,날씨가 넘 추워서 얼어서 올까봐 걱정인데 요즘 날씨에도 주문하면 괜찮을까요~,"안녕하세요. 문의주셔서 대단히 감사합니다.
지금은 한파에 발포지 포장하여 보내드리고 있습니다.

아직까지 얼지 않고 잘 도착하고 있습니다.
혹시나 얼어있을 경우에는 무는 얼었다 녹았다하며 맛이 드는 채소로
실온에 색이 완전히 돌아온 뒤 사용하시면 맛, 식감에 전혀 문제없이 괜찮습니다 :)"
채소애 (사업자 / 개인 사업자),상품,5546458502,707b***,2023.12.18.,눈이 많이와서 무 상태가 개안을까요?,"안녕하세요. 문의주셔서 대단히 감사합니다. 
알타리무 상태는 좋습니다 :)"
채소애 (사업자 / 개인 사업자),배송,5546458502,suk7*****,2023.12.16.,6단 주문했는데 19일에 꼭 받을수있게 부탁드립니다~,"안녕하세요. 저희 상품을 주문해주셔서 대단히 감사합니다.
오늘 잘 준비해서 발송해드리겠습니다 :)
좋은 하루 되세요!"
채소애 (사업자 / 개인 사업자),배송,5546458502,i981***,2023.12.15.,오늘주문하면 월요일받을수있을까요 휴일이월요일여서 그럽니다,"안녕하세요. 문의주셔서 감사합니다. 
주말이 택배사 발송이 불가하여 월요일 수령은 어려우며 월요일 상품 출고 가능합니다."
채소애 (사업자 / 개인 사업자),배송,5546458502,iiho****,2023.12.14.,알타리 4단 구매자 입니다. 휴일날 집에 없으니 월요일이나 화요일 받았으면 합니다.,"안녕하세요. 저희 상품을 주문해주셔서 대단히 감사합니다. 
주말은 택배사 발송이 불가하여 18일 월요일 출고 도와드리겠습니다. 
상품 발송시 대부분 익일 도착으로 배송되며 
간혹 하루 더 소요되는 경우도 있는 점 안내드립니다. 
감사합니다:)"
채소애 (사업자 / 개인 사업자),"배송,기타",5546458502,kjin****,2023.12.12.,1. 저는 무 작을수록 좋아요 싱싱하고 연한것으로 부탁해요 무청도 싱싱해야해요 2. 토요일에 받고 싶어요,"안녕하세요. 저희 상품을 주문해주셔서 대단히 감사합니다.
신선한 상품으로 잘 준비해서 보내드리겠습니다. 
싱싱한 무도 누런 전잎은 있는 점 미리 양해 부탁드립니다. 

12월 14일 목요일 발송으로 보내드리겠습니다. 
14일 목요일 출고시 금요일 또는 토요일 배송 예정입니다.
감사합니다."
채소애 (사업자 / 개인 사업자),기타,5546458502,kims*****,2023.12.11.,싱싱한알타리무 주세요 저번에 청방배추도 3단이나 구매했네요,"안녕하세요. 저희 상품을 다시 찾아주셔서 대단히 감사합니다.
싱싱한 알타리무로 보내드렸습니다. 
지금은 노지이다보니 밭에서부터 누런 전잎은 있는 점 미리 양해 부탁드립니다. 
무청 자체는 연하고 무는 맛이 훨씬 더 좋답니다. 

맛있게 드시길 바라겠습니다^^"
채소애 (사업자 / 개인 사업자),기타,5546458502,707b***,2023.12.10.,무가 심이 없는것 으로 보네주시구요 작은 사이즈 부탁합니다,"안녕하세요. 저희 상품을 주문해주셔서 대단히 감사합니다. 
지금은 심은 없습니다. 선별하여 보내드렸습니다만 만족스러우셨으면 좋겠습니다. 
맛있게 드시길 바라겠습니다^^"
채소애 (사업자 / 개인 사업자),기타,5546458502,gjeo***,2023.12.04.,너무 좋아서 재 구매합니다 사이즈 작고 잎이 싱싱한 것으로 부탁드립니다,"안녕하세요. 다시 찾아주셔서 대단히 감사합니다. 
가능한 선별하여 보내드렸습니다. 
맛있게 드시길 바라겠습니다^^"
채소애 (사업자 / 개인 사업자),기타,5546458502,gjeo***,2023.11.28.,알타리 5단 주문 했어요 사이즈 작고... 무청 싱싱한 것으로 부탁 합니다..좋은 날 되세요,"안녕하세요. 저희 상품을 주문해주셔서 대단히 감사합니다. 
오늘 잘 선별해서 보내드리겠습니다 :)
좋은 하루 되세요!"
채소애 (사업자 / 개인 사업자),상품,5546458502,gjeo***,2023.11.28.,초롱무가 아직 있나요,"안녕하세요. 문의주셔서 대단히 감사합니다.
현재 초롱무 소량 나오고 있습니다. 
이번주까지 판매 예정이지만 산지 상황에 따라 
일찍 마감될 수 있는 점 안내드립니다."
채소애 (사업자 / 개인 사업자),배송,5546458502,no****,2023.11.27.,이번주 토요일에 받고 싶으면 언제 주문해야 하나요,"안녕하세요. 문의주셔서 감사합니다.
알타리무는 금요일 오전 11시 이전 주문시 당일 출고됩니다.

또한 주문시 배송메모 내 ex) '알타리 11/30 목 출고' 로 요청 사항 남겨주시면
해당 일자에 출고 가능합니다.

상품 발송시 대부분 익일 도착으로 배송해드리고 있습니다만
간혹 하루 정도 더 소요되는 경우 있어 김장철 1,2일 더 여유롭게
주문해주시면 감사하겠습니다."
채소애 (사업자 / 개인 사업자),기타,5546458502,pakj********,2023.11.18.,주문했네요 싱싱한걸로 부탁드립니다,"안녕하세요. 저희 상품을 주문해주셔서 대단히 감사합니다. 
싱싱한 상품으로 보내드렸습니다.
상품 잘 받아보셨을까요? 
맛있게 드시길 바라겠습니다^^"
채소애 (사업자 / 개인 사업자),상품,5546458502,pakj********,2023.11.18.,알타리나 초롱무우속 심지들어있고 질기지않을까요?,"안녕하세요. 
지금은 알타리, 초롱무 심 없이 질기지 않고 맛있습니다 :)"
채소애 (사업자 / 개인 사업자),상품,5546458502,pakj********,2023.11.18.,알타리하고 초록무우 다른점이있나요 빨갛게총각김치 담으려는데 뭘로담아야하나요?섞어담아도되나요?,"안녕하세요. 문의주셔서 감사합니다 :)
알타리, 초롱무 두 상품 모두 빨갛게 총각김치로 사용합니다. 

보통 초롱무가 마무리되며 알타리가 나오고 
알타리가 안나올 때 초롱무로 사용합니다.

지금은 둘 다 맛있습니다만
초롱무는 연하면서 아삭한 무로 바로 드실 경우 추천드리며
알타리 단단하여 오래 두고 드신다면 알타리로 추천드립니다."
채소애 (사업자 / 개인 사업자),상품,5546458502,pakj********,2023.11.18.,황토알타리랑 초록무우 섞어담아도 상관없나요?,"안녕하세요. 
알타리, 초롱무 섞어 담그셔도 괜찮습니다 :)"
채소애 (사업자 / 개인 사업자),"상품, 배송",5546458502,kpv8***,2023.11.16.,궁금한게요 ....재배지가 영암이라고 되어 있는데요 당일작업에 새벽시장을 부산으로 갈수가 있나요?? 배송조회를 보니 부산에서 출발 이어서요,"안녕하세요. 문의주셔서 대단히 감사합니다. 
산지에서 수확 당일에 화물로 부산에 도착합니다. 
작업 시간에 따라 상품은 전일 수확 또는 당일 수확 
신선한상품으로 발송됩니다 :)
감사합니다."
채소애 (사업자 / 개인 사업자),기타,5546458502,kpv8***,2023.11.15.,시어머니표 물김치를 담아 볼려구요 자르지 않고 통으로 담을건데 그래서 무청 없는걸로 주문합니다 ....물감치가 익으면 사이다처럼 얼마나 톡쏘고 맛있었던지 양이 많다 보니 재료에 신경좀 써주십시요 ^^,"안녕하세요. 저희 상품을 주문해주셔서 대단히 감사합니다. 
상품 잘 받아보셨을까요?
지금 무가 매운기가 빠지고 맛이 들어 참 맛이 좋습니다. 
맛있게 드시길 바라겠습니다^^"
채소애 (사업자 / 개인 사업자),"상품, 기타",5546458502,sil9***,2023.11.14.,무우는맵지 않은지요? 작년 몇번구매자인데ᆢ작년은 맛있었거든요 단 조은거부탁드립니다,"안녕하세요. 다시 찾아주셔서 대단히 감사합니다. 
매운기는 거의 다 빼져서 맵지 않습니다 :)
오늘 잘 준비해서 보내드리겠습니다^^"
채소애 (사업자 / 개인 사업자),"상품, 기타",5546458502,shyr***,2023.11.11.,초롱무 5단 주문했는데 꼭! 싱싱한걸로 부탁 드립니다. 그리고 초롱무 맞죠?,"안녕하세요. 저희 상품을 주문해주셔서 대단히 감사합니다. 
주문해주신 상품은 초롱무 맞습니다 :)
오늘 싱싱한 무로 보내드리겠습니다. 
좋은 하루 되세요!"
채소애 (사업자 / 개인 사업자),"상품, 기타",5546458502,ba****,2023.11.09.,알타리 언제까지 주문가능한가요? 혹시 바람들진않았죠? 집앞에건 바람들어서 다시 사려구요,"안녕하세요. 문의주셔서 감사합니다. 
알타리무는 지금부터 내년 5월 6월까지 상시 판매 예정입니다. 

지금 새로 수확하는 시기로 속 좋습니다."
채소애 (사업자 / 개인 사업자),상품,5546458502,reme********,2023.11.09.,알타리1단 무게가얼마나 되나요,"안녕하세요. 문의주셔서 대단히 감사합니다. 
지금은 알타리무 첫 수확시기로 1.2kg - 1.5kg 내외입니다. 
크기에 따라 중량 차이는 있는 점 안내드립니다."
채소애 (사업자 / 개인 사업자),상품,5546458502,reme********,2023.11.09.,알타리는 판매 언제해요?,안녕하세요. 저희 상품을 찾아주셔서 대단히 감사합니다. 알타리무는 현재 판매 중으로 상시 구매 가능합니다 :)
채소애 (사업자 / 개인 사업자),상품,5546458502,vhs2***,2023.10.27.,알타리를 구매하고싶은데 언제쯤 가능할까요?,"안녕하세요. 문의주셔서 감사합니다. 
알타리무는 11월 중순경 수확 예정입니다. 
산지 상황에 따라 기간이 조금 변동될 수 있는 점 안내드립니다."
채소애 (사업자 / 개인 사업자),"배송, 기타",5546458502,ks****,2023.10.25.,"사장님 이번주 금요일(10/27)에 받아볼 수 있도록 발송처리 부탁드립니다. 싱싱한 초롱무, 쪽파로 보내주세요~!! 감사합니다~!!","안녕하세요. 저희 상품을 주문해주셔서 감사합니다. 
10월 26일 목요일 발송으로 보내드리겠습니다. 
상품 발송시 대부분 익일 도착으로 배송되며
간혹 지역에 따라 하루 정도 더 소요될 수 있는 점 안내드립니다.
싱싱한 상품으로 보내드리겠습니다. 감사합니다."
채소애 (사업자 / 개인 사업자),기타,5546458502,mode*****,2023.10.19.,잎도 무도 싱싱한 초롱무 부탁드려요,"안녕하세요. 저희 상품을 주문해주셔서 감사합니다. 
싱싱한 초롱무로 보내드리겠습니다 :)"
채소애 (사업자 / 개인 사업자),기타,5546458502,hizm*******,2023.10.16.,싱싱하고 실한 알타리로 부탁해요,"안녕하세요. 저희 상품을 주문해주셔서 대단히 감사합니다.
싱싱한 알타리로 보내드렸습니다.
맛있게 드시길 바라겠습니다 :)"
채소애 (사업자 / 개인 사업자),기타,5546458502,call****,2023.10.14.,3단 주문했어요 무청많이 붙은걸로 싱싱한걸로 보내주시면 감사하겠습니다,"안녕하세요. 저희 상품을 주문해주셔서 대단히 감사합니다.
지금 나오는 것 중 선별하여 보내드렸습니다. 
맛있게 드시길 바라겠습니다 :)"
채소애 (사업자 / 개인 사업자),배송,5546458502,suhe*****,2023.10.12.,지금 주문했는데요..혹시 오늘 발송가능할까요? 안되면 할수 없구요,"안녕하세요. 저희 상품을 주문해주셔서 대단히 감사합니다.
오늘은 좋은 상품이 모두 소진되어 내일 발송 가능합니다. 
내일 잘 준비해서 보내드리겠습니다 :)"
채소애 (사업자 / 개인 사업자),"상품, 배송",5546458502,suhe*****,2023.10.11.,다음주에 주문해도 초롱무로 발송되나요? 목욜날 받을려면 언제 주문 하면 될까요?,"안녕하세요. 문의주셔서 감사합니다. 
네, 10월 말까지는 초롱무로 발송 예정이며 
11월부터는 알타리무로 판매 예정입니다. 
산지 상황에 따라 기간이 조금 달라질 수는 있습니다. 

초롱무는 오전 11시 이전 주문건에 대해 당일발송됩니다. 
상품 발송시 대부분 익일 도착으로 배송해드리고 있으며
간혹 지역에 따라 하루 정도 더 소요되는 경우도 있습니다."
채소애 (사업자 / 개인 사업자),상품,5546458502,stjj***,2023.10.06.,무청없으면 무의무게는 무청있는거와 동일한가요,"안녕하세요. 문의주셔서 감사합니다. 
무청없는 무의 경우 무청을 제거 후 무만 
보내드리므로 무청 무게 만큼 중량이 줄어듭니다."
채소애 (사업자 / 개인 사업자),상품,5546458502,bori******,2023.10.01.,지금 구매해도 맛있나요? 맵거나 쓴 맛 나지 않겠죠?,"안녕하세요. 문의주셔서 감사합니다. 
무 자체 매운기는 있지만 쓴맛이 나지 않고 괜찮습니다 :)"
채소애 (사업자 / 개인 사업자),상품,5546458502,kej1***,2023.09.28.,초롱무는 언제까지 나오나요 10월초에 구입하려고하는데,"안녕하세요. 문의주셔서 감사합니다.
초롱무는 10월 말까지 판매 예정입니다. 
산지 상황에 따라 기간은 변동될 수 있습니다.
아울러, 초롱무 이후는 알타리무로 구매 가능한 점 안내드립니다.
좋은 하루 되세요^^"
채소애 (사업자 / 개인 사업자),상품,5546458502,hj36*****,2023.09.21.,초롱무 한단이 전처리 2-3키로라고 했는데 리뷰에보니 무만 3.6키로 정도 얘기하신 분이 있어서요.. 2단일까요? 초롱무 한단 양을 정확히 알고 싶어서요,"안녕하세요. 문의주셔서 감사합니다. 
초롱무는 지금 2kg-4kg 입니다. 
무청 길이, 무 크기에 따른 중량차이가 있습니다. 

시기에 따라 무 크기 차이가 있습니다만 
배송 메모 내 요청 사항 남겨주시면 가능한 
맞춰서 보내드립니다."
채소애 (사업자 / 개인 사업자),"상품, 기타",5546458502,ssji*****,2023.09.16.,후기에 바람들은 무 가 있던데 구매하려고 하는데 살짝 고민이 됩니다 주문후 바로 수확한 초롱무로 배송해 주시는지요?,"안녕하세요. 문의주셔서 대단히 감사합니다. 
지금은 새로 수확하는 노지 초롱무 밭자리로 바람기가 없습니다. 
주문시 전일 수확 또는 당일 수확 초롱무로 발송됩니다 :)"
채소애 (사업자 / 개인 사업자),"상품, 기타",5546458502,yaaz******,2023.07.24.,재주문하려고 합니다. 장마라 초롱무 상태가 어떤지 궁금하네요. 언제쯤 주문하면 좋을까요?,"안녕하세요. 다시 찾아주셔서 감사합니다. 
초롱무는 조금 더 야물어졌습니다만 여름철에는 
무청이 그렇게 좋지는 않습니다.

다만, 비가 계속되어 작업이 안되는 관계로
배송이 지연되고 있습니다. 
주문시 7월 말 또는 8월 초 발송 예정입니다.

급하지 않으시다면 8월 15일, 20일 이후 쯤 주문해주시면
더욱 좋은 초롱무로 발송 가능합니다."
채소애 (사업자 / 개인 사업자),상품,5546458502,smup*****,2023.07.20.,썩고 잎 누렇게 뜬 상품평보고 주문해야하나 고민되는데요 혹시 지금도 장마철이라 그럴까요 죄송하지만 오늘 배송되는 상품 사진 올려줄수있을까요,"안녕하세요. 문의주셔서 감사합니다. 
현재 초롱무는 계속된 폭우로 인해 배송지연
되고 있는 점 안내드립니다. 

7월 말, 8월 초부터 작업하여 출고 예정입니다. 
감사합니다."
채소애 (사업자 / 개인 사업자),배송,5546458502,fhgj***,2023.07.20.,내일 받을 수 있나요?^^,"안녕하세요. 저희 상품을 주문해주셔서 대단히 감사합니다.
주문해주신 상품은 내일 발송 예정입니다 :)"
채소애 (사업자 / 개인 사업자),상품,5546458502,dksw******,2023.06.30.,알타리는 언제 살수 잇나요?,"안녕하세요. 
알타리무는 올해 10월 말, 11월 경 판매 예정입니다.
지금은 초롱무로만 판매하고 있습니다.
감사합니다 :)"
채소애 (사업자 / 개인 사업자),기타,5546458502,guse*****,2023.06.25.,방금 4개 12키로 주문했습니다. 상품평에 바람든것도 있다고하는데 꼭 좋은 알타리 보내주세요.,"안녕하세요. 저희 상품을 주문해주셔서 감사합니다. 
상품은 잘 받아보셨을까요?
맛있게 드시길 바라겠습니다^^"
채소애 (사업자 / 개인 사업자),상품,5546458502,keep*****,2023.05.16.,안녕하세요 10kg 이면 6단이 들어있다는 댓글이 있던데 1단에 무우 몇개정도 되나요,"안녕하세요. 문의주셔서 감사합니다. 
한 단에 무 크기에 따라 8-17개 정도이며 보통 10-12개 내외입니다.
보통 10kg 기준 4-7단 수량으로 발송되며 
오늘은 알타리무가 작은 편으로 7단씩 발송되었습니다."
채소애 (사업자 / 개인 사업자),기타,5546458502,wpal*****,2023.05.08.,4단 재주문합니다.무청 시들지않고 바람 안든걸로 보내주세요~11시 5분에 결제 완료했어요.수욜에 받을수있게 보내주세요~,"안녕하세요. 다시 찾아주셔서 대단히 감사합니다.
오늘 싱싱한 상품으로 발송해드리겠습니다. 
다만, 시기상 밭에서부터 싱싱한 잎도 속에 누런 전잎이 있을 수 있는 점 
미리 양해 부탁드립니다."
채소애 (사업자 / 개인 사업자),기타,5546458502,skim***,2023.05.01.,김장 때 담근 알타리 김치 다 먹고 시장에 갈 시간은 나지 않아서 처음으로 알타리를 인터넷에서 주문해 봅니다. 기온이 올라가면 무가 별로인데 구매 후기 믿고 주문합니다.,"안녕하세요. 저희 상품을 주문해주셔서 감사합니다.
주문해주신 상품은 오늘 발송되었습니다.
맛있게 드시길 바랄게요 :)"
채소애 (사업자 / 개인 사업자),배송,5546458502,qkrg********,2023.04.01.,지금주문하면 화요일수령가능할까요~??,"안녕하세요. 월요일 오전 11시 이전 주문건에 대해 월요일 발송됩니다.
상품 발송시 대부분 익일 도착으로 배송해드리고 있습니다만
간혹 지역에 따라 1,2일 더 소요되는 경우도 있는 점 안내드립니다. 
감사합니다 :)"
채소애 (사업자 / 개인 사업자),"상품, 배송",5546458502,mihe***,2023.03.29.,금요일날 받고 싶은데 내일주문하면 될까요? 아직까진 알타리 마니 맵진 않죠...,"안녕하세요. 내일 오전 11시 이전 주문시 목요일 발송 가능합니다.
상품 발송시 대부분 익일 도착으로 배송해드리고 있습니다만 
간혹 지역에 따라 1,2일 더 소요될 수 있는 점 안내드립니다.
감사합니다 :)"
채소애 (사업자 / 개인 사업자),"상품, 기타",5546458502,haha****,2023.03.16.,지금 주문하면 바람 안든 알타리가 올 수 있을까요? 맛있는 총각김치가 먹고 싶어요.,"안녕하세요. 문의주셔서 감사합니다. 
지금 알타리무 상태도 맛도 좋습니다 :)"
채소애 (사업자 / 개인 사업자),"배송, 기타",5546458502,kiss******,2023.03.15.,무청있는거 없는거 3단씩 6단 주문했습니다 이번에도 좋은 알타리로 빠른배송 부탁드릴게요 ^^^,"안녕하세요. 다시 찾아주셔서 감사합니다. 
오늘 잘 준비해서 발송해드리겠습니다 ^^
좋은 하루 되세요!"
채소애 (사업자 / 개인 사업자),기타,5546458502,khoe*****,2023.03.13.,지금 주문했습니다 알타리 너무 크지 않은걸로 잘 부탁드립니다,"안녕하세요. 저희 상품을 주문해주셔서 감사합니다.
너무 크지 않은 무로 잘 선별해서 발송해드리겠습니다 :)"
채소애 (사업자 / 개인 사업자),배송,5546458502,yn****,2023.03.07.,혹시 목요일까지 도착 되는걸까요? 목요일 꼭 도착해야되서요 ㅜ,"안녕하세요. 주문해주신 상품은 어제 발송되어 오늘 아침
해당 지역 집배센터에 도착한걸로 확인됩니다. 
오늘 또는 내일까지는 받아보실 수 있을거예요. 
맛있게 드시길 바랄게요^^"
채소애 (사업자 / 개인 사업자),기타,5546458502,yn****,2023.03.07.,방금 주문했습니다너무 크지 않은 무로 무청 싱싱한걸로좀 부탁드립니다!!,"안녕하세요. 저희 상품을 주문해주셔서 감사합니다.
잘 선별해서 보내드리겠습니다. 좋은 하루 되세요^^"
채소애 (사업자 / 개인 사업자),배송,5546458502,lsmj******,2023.02.25.,오늘주문하면 언제받을수있나요?,"안녕하세요. 문의주셔서 감사합니다.
알타리무는 평일 오전 11시 이전 주문시 당일 발송됩니다. 

아울러, 삼일정 택배사 배송 휴무로 인해 
27일 오전 11시 이후 주문건에 대해 3월 2일 목요일 
순차 출고되는 점 안내드립니다."
채소애 (사업자 / 개인 사업자),기타,5546458502,khm7***,2023.02.25.,방금 주문 했습니다!!!바람든 알타리가 있다는 리뷰 보았는데 너무 크지않은 싱싱한 알타리무 부탁드립니다~,"안녕하세요. 저희 상품을 주문해주셔서 감사합니다.
오늘 잘 선별해서 보내드리겠습니다. 
좋은 하루 되세요!"
채소애 (사업자 / 개인 사업자),기타,5546458502,khoe*****,2023.02.17.,지금 주문했어요~~~ 무 넘 크지 않은걸로 좋은상품으로 부탁드립니다,"안녕하세요. 저희 상품을 주문해주셔서 감사합니다.
잘 선별해서 보내드리겠습니다 :)"
채소애 (사업자 / 개인 사업자),배송,5546458502,eunj******,2023.02.17.,오늘 출고 안될까요?ㅜㅜ 어제 주문을 깜빡했어요ㅜ,"안녕하세요. 
오전 12시 이전 주문시 오늘 발송으로 보내드리겠습니다 :)"
채소애 (사업자 / 개인 사업자),기타,5546458502,hbok****,2023.02.06.,알타리4단 무청있는거 한단 없는거 3단 주문했는데요 무가 바람들지않은 싱싱한애들로 부탁드립니다. 김치하고남은 갓이있어 빨리 담그려하니 빠른배송 부탁드려요,"안녕하세요. 저희 상품을 주문해주셔서 감사합니다.
오늘 발송되었어요. 맛있게 드시길 바랄게요 :)"
채소애 (사업자 / 개인 사업자),기타,5546458502,kiss******,2023.02.02.,6단 주문했습니다 무청있는거3단.없는거3단 지난번엔 바람든게 너무많았는데 이번엔 좋은거로 부탁드릴게요(너무 크지않은 알타리로),"안녕하세요. 주셔서 감사합니다.
잘 선별해서 보내드리겠습니다."
채소애 (사업자 / 개인 사업자),기타,5546458502,ki****,2023.02.01.,알타리3단 주문했습니다..무청은 많이 안달린것(잎은좋아하질않아서)작은크기로 보내주세요~,안녕하세요. 저희 상품을 주문해주셔서 감사합니다. 작은 크기로 선별해서 보내드리겠습니다 :)
채소애 (사업자 / 개인 사업자),배송,5546458502,mn****,2023.01.31.,주문했는데요. 4일에 도착하게 보내주세요~,"안녕하세요. 저희 상품을 주문해주셔서 감사합니다.
2월 3일 금요일에 발송해드리겠습니다 :)"
채소애 (사업자 / 개인 사업자),기타,5546458502,chof***,2023.01.31.,남편과 1월초쯤 주문해서 넘 맛있게 먹고 있습니다 오늘 재주문 합니다 감사합니다 ~,"안녕하세요. 다시 찾아주셔서 감사합니다.
오늘도 잘 준비해서 보내드리겠습니다^^"
채소애 (사업자 / 개인 사업자),배송,5546458502,shs7****,2023.01.27.,1/24 에 주문했는데 언제 도착할까요? 주말에 담그려고 했는데...,"안녕하세요. 저희 상품을 주문해주셔서 감사드립니다. 
주문해주신 상품은 28일 배송완료로 확인됩니다. 
상품은 잘 받아보셨을까요?

다른 궁금하신 점 있으시면 
언제든지 연락주세요. 

맛있게 드시길 바라겠습니다 :)"
채소애 (사업자 / 개인 사업자),기타,5546458502,cyh2***,2023.01.27.,주문했어요 무 넘 크지 않은걸로 좋은상품 부탁드려요,"안녕하세요. 저희 상품을 주문해주셔서 감사합니다. 
단 그대로 보내드리다보니 한 단에 크고 작은게 섞일 수는 있지만 
너무 크지 않은 무로 잘 선별해서 보내드리겠습니다 :)"
채소애 (사업자 / 개인 사업자),배송,5546458502,by****,2023.01.12.,방금주문했어요 낼 배송가능할까요?,"안녕하세요. 저희 상품을 주문해주셔서 감사합니다. 
알타리무 내일 발송 예정입니다. 잘 준비해서 보내드리겠습니다.
좋은 하루 되세요^^"
채소애 (사업자 / 개인 사업자),상품,5546458502,jaky***,2023.01.10.,요즘 알타리 바람들거나 무청 얼지는 않았나요?,"안녕하세요. 문의주셔서 감사합니다.
상품은 한파에도 얼지 않고 잘 도착하고 있어요. 
알타리무는 매일 잘라서 확인 후 괜찮은 상품으로 보내드리지만
생물이다보니 혹시나 속에 문제가 있을 경우 연락주시면 처리해드리고 있습니다.

추가로 알타리 종자의 특성상 무가 커지다 보면 속에 희끗해지는 현상은 생기며
이는 맛도 식감도 아삭하니 전혀 문제없이 괜찮습니다.
다만, 그 부분에 구멍이 크게 뚫려 스펀지처럼 폭신폭신하다면
바람기가 맞으므로 그 경우에는 네이버 톡톡 또는 고객센터로 문자 남겨주시면
확인 후 연락드립니다.
감사합니다 :)"
채소애 (사업자 / 개인 사업자),상품,5546458502,joyf******,2023.01.06.,지금도 무우청 싱싱하게 달려있는 알타리 구매 가능한가요?,"안녕하세요. 일부 끝마름이나 누런 전잎이 있을 수 있지만 무청 상태는 괜찮습니다.
 감사합니다 :)"
채소애 (사업자 / 개인 사업자),기타,5546458502,jojo********,2023.01.06.,안녕하세요 6단 주문했어요 너무작지않은 총각무로 부탁드립니다,"안녕하세요. 저희 상품을 주문해주셔서 감사합니다.
잘 선별해서 발송해드리겠습니다. 
좋은 하루 되세요!"
채소애 (사업자 / 개인 사업자),기타,5546458502,kiss******,2023.01.02.,안녕하세요! 주문했는데 너무 크지않고 적당한 알타리무로 보내주세요 판매자님! 새해복 많이 받으세요 ~,"안녕하세요. 저희 상품을 주문해주셔서 감사합니다.
단 그대로 발송되다보니 크고 작은게 섞일 수는 있지만 
잘 선별해서 발송해드리겠습니다. 
새해 복 많이 받으세요^^"
채소애 (사업자 / 개인 사업자),상품,5546458502,msoo*****,2023.01.02.,무청없는것과 있는거 섞어서 알타리무 안쪼개고 담으려고하는데 큰건가요?작은건가요?,"안녕하세요. 문의주셔서 감사합니다.
지금은 그리 작지 않고 큰 편입니다만 그 중에서 
적당한 크기로 가능한 선별해서 보내드리고 있습니다.

주문시 배송메모 또는 문의글에 요청사항 남겨주시면
그 시기에 나오는 것 중 최대한 맞춰서 보내드리겠습니다."
채소애 (사업자 / 개인 사업자),상품,5546458502,ente****,2023.01.01.,동치미를 담그고 싶은데 황토무로 담그면 되나요 초롱무는 품절이네요,"안녕하세요. 동치미용으로 천수무 추천드립니다. 
초롱무는 6월경 판매 예정입니다. 감사합니다 :)"
채소애 (사업자 / 개인 사업자),상품,5546458502,woor*****,2022.12.23.,황토 알타리무와 무청없는 알타리무는 동일한 상품인가요?,"안녕하세요. 문의주셔서 감사합니다. 
무청없는 알타리무는 황토 알타리무와 동일한 상품이며 똑같이 싱싱한 알타리무를 무청만 
제거하고 보내드립니다."
채소애 (사업자 / 개인 사업자),기타,5546458502,nora****,2022.12.22.,경북 봉화인데 오늘 알타리 받았는데 아주 달고 싱싱하네요. 잎은 아무래도 겨울이니까 좀 그렇지만 무가 맛있어서 다 커버가 돼요.,"안녕하세요. 잘 받아보셨다니 정말 다행이에요. 
글 남겨주셔서 감사드립니다. 한파 조심하시고 
따뜻한 연말 되시길 바라겠습니다 :)"
채소애 (사업자 / 개인 사업자),"상품, 배송",5546458502,nora****,2022.12.16.,알타리 7단정도 사고싶은데 품질은 좋은지? 여기가 경북 봉화거든요. 얼지는 않겠죠? 그리고 택비는 단마다 부과는 아니겠죠? 깐 쪽파랑 같이 살수 있나요?,"안녕하세요. 요즘 알타리 상태 괜찮습니다. 
지금까지 얼지 않고 잘 도착하고 있습니다. 
택배비는 시기별 크기에 따라 단수는 달라지며
지금은 8단에 배송비 부과됩니다. 

깐쪽파는 추가구성상품으로 선택해주시면 함께 구매하실 수 있어요. 감사합니다."
채소애 (사업자 / 개인 사업자),기타,5546458502,gain******,2022.12.15.,안녕하세요 할머니가 총각무 김치 담그고싶다고 하셔서 후기가 너무 좋아 12단 주문해드렸습니다 ! 너무 작지않은 크기의 총각무들로 보내주세요 감사합니다 :),"안녕하세요. 저희 상품을 주문해주셔서 감사합니다. 
잘 선별해서 보내드리겠습니다^^"
채소애 (사업자 / 개인 사업자),상품,5546458502,sil9***,2022.12.15.,무우가 넘작던데 좀 큰사이즈는없나요?,"안녕하세요. 큰 사이즈도 있습니다만 일반적으로 선호하시는 사이즈로
선별해서 보내드리고 있어요. 다음에 다시 찾아주실 때 배송메모에 큰 사이즈로 요청사항 
남겨주시면 최대한 맞춰서 발송해드리겠습니다. 
맛있게 드시길 바라겠습니다^^"
채소애 (사업자 / 개인 사업자),상품,5546458502,rdig***,2022.12.12.,사장님 오늘 알타리 어떤가요?,안녕하세요. 알타리 상태 좋습니다^^ 감사합니다.
채소애 (사업자 / 개인 사업자),기타,5546458502,tr****,2022.12.05.,방금 주문했습니다. 리뷰에 써있는것처럼 무우는 중간크기에 청도 싱싱한걸로.. 아무튼 좋은걸로 보내주십시오.,"안녕하세요. 저희 상품을 주문해주셔서 감사합니다.
싱싱하고 좋은 상품으로 보내드리겠습니다."
채소애 (사업자 / 개인 사업자),기타,5546458502,tr****,2022.12.04.,이삼일후에도 구입이 가능할까요?,"안녕하세요. 알타리무는 상시 판매중으로 
편하신 일정에 맞춰 구매해주세요 :) 
감사합니다."
채소애 (사업자 / 개인 사업자),상품,5546458502,suya******,2022.11.21.,같이구입하는것보면 홍갓2kg이상 1만5천원으로 나오던데요 좀이상해서요 . 여기서보는것말고 다른상품보는곳에서 보면 홍갓1kg 이 5천원으로 나오던데.. 뭔 차이죠?? 2kg이면 1만원 뭐 배달비가 붙긴하겠지만 ...,"안녕하세요. 생물의 특성상 상품 중량, 수량에 따라 합배송 가능 여부가 달라지다보니
추가구성상품 내 홍갓은 본 상품과 분리배송될 수 있습니다. 
여러 상품 구매시 톡톡으로 함께 문의 남겨주시면
더욱 편하게 이용하실 수 있도록 도움드리겠습니다. 감사합니다:)"
채소애 (사업자 / 개인 사업자),기타,5546458502,suya******,2022.11.21.,배송비가 5개마다 부과면은 다른 황토알타리파는곳과 가격이 차이가없네요,"안녕하세요. 시기별 알타리무 크기에 따라
수량은 수정될 수 있습니다.
그 외에도 택배사 중량 제한 내 한 박스 
알타리무 수량을 조금 더 늘릴 방안을 고민하고 있습니다. 

감사합니다."
채소애 (사업자 / 개인 사업자),상품,5546458502,redp******,2022.11.21.,초롱무 이제 살 수 없나요?,"안녕하세요. 초롱무는 이제 수확이 종료되어 
알타리무로 판매 중이며 초롱무는 내년 
6월경 판매 예정입니다. 감사합니다 :)"
채소애 (사업자 / 개인 사업자),"기타, 배송",5546458502,kjef***,2022.11.18.,주문했어요. 싱싱하고 좋은거로 부탁드려요~~^^ 내일받을수 있겠죠? 넘큰거는 불편해요~^^,안녕하세요. 저희 상품을 주문해주셔서 감사합니다. 오늘 너무 크지 않은 무로 보내드렸습니다. 맛있게 드시길 바랄게요~^^
채소애 (사업자 / 개인 사업자),기타,5546458502,my****,2022.11.13.,"♡사장님♡ 알타리무, 싱싱하고, 작고, 맛있는 놈으로 보내주세요, 수고하세요","안녕하세요. 작고 싱싱한 알타리로 보내드리겠습니다.
감사합니다^^"
채소애 (사업자 / 개인 사업자),상품,5546458502,ryou******,2022.11.12.,황토알타리는 언제까지 판매하시는지요? 판매시기가 궁금합니다.,안녕하세요. 황토 알타리무는 내년 5월까지 판매 예정입니다.감사합니다.
채소애 (사업자 / 개인 사업자),배송,5546458502,sklo******,2022.11.10.,지금 주문하면 토요일에 배송도착하나요 ?,"안녕하세요. 내일 오전 11시 이전 주문건에 대해 금요일 발송되며
상품 발송시 대부분 익일 도착으로 배송해드리고 있습니다. 
다만 지역에 따라 1,2일 더 소요되는 경우도 있는 점 안내드립니다. 
감사합니다."
채소애 (사업자 / 개인 사업자),상품,5546458502,mkha***,2022.11.07.,잎파리 싱싱한 초롱무 사긴 좀 늦었나요?,"안녕하세요. 지금도 무청은 싱싱한 초롱무로 보내드리고 있습니다.
다만 단 그대로 보내드리다보니 전처리 전 누런잎은 있을 수 있습니다. 
감사합니다."
채소애 (사업자 / 개인 사업자),상품,5546458502,song******,2022.10.26.,지금 주문하면 동글동글한 초록무로 오는건가요??,"안녕하세요. 지금 주문해주시면 초롱무로 발송되며
모양은 메인 사진과 가깝습니다. 감사합니다."
채소애 (사업자 / 개인 사업자),상품,5546458502,jjm6***,2022.10.26.,지금 주문해도 초랭무로오나요??? 글고 한단에 몇키로정도될까요???,"안녕하세요. 지금 주문하시면 초롱무로 발송됩니다.
무 크기에 따라 중량 차이가 있지만 손질 전 한 단에 2kg 내외입니다."
채소애 (사업자 / 개인 사업자),기타,5546458502,skyl*******,2022.10.24.,초롱무 6단 주문했습니다. 리뷰 보면 시들어서 왔다는 분도 있어서 좀 걱정이 되네요. 시들지않고 싱싱한 초롱무로 부탁드립니다.,"안녕하세요. 저희 상품을 구매해주셔서 감사합니다.
싱싱한 무로 보내드리겠습니다 :)"
채소애 (사업자 / 개인 사업자),상품,5546458502,kmh8***,2022.10.18.,수고하십니다^^ 알타리무 말고. 가을무라는 이름말고. 확실히 초롱무가 맞나요? 초롱무가 워낙 짧게 나오고 만다고 하던데. 저는 초롱무를 원해요. 밑둥이 약간 납작한.. 메인에 올려 놓으신. 리뷰보면 아닌것도 있는것 같더라구요. 밑둥이 빼족한..,"안녕하세요. 문의주셔서 감사합니다.
초롱무가 맞으며 11월부터 알타리무 출하 예정입니다.
지금 보내드리는 초롱무는 메인 사진의 초롱무 모양입니다. 

다만, 초롱무라 하더라도 밭에 따라 모양 차이가 꽤 있습니다. 
동그랗기도 하고 길쭉하기도 하고 모양, 크기 차이가 있습니다."
채소애 (사업자 / 개인 사업자),상품,5546458502,jiny***,2022.09.08.,명절이라 조금 지나고 구입할까하는데 초롱무는 언제까지 나오는편인가영? 대략 몇월..,"안녕하세요. 초롱무는 알타리무가 나오기 전까지 
10월 초, 중순경까지 판매예정입니다. 감사합니다 :)"
채소애 (사업자 / 개인 사업자),"상품, 기타",5546458502,jane******,2022.08.28.,판매자님 초롱무 한 단에 몇개인가요? 바람안들고 무청 싱싱한걸로 보내주세요,"안녕하세요. 한 단에 무 크기에 따라 8개에서 13개 정도입니다. 
오늘 싱싱한 상품으로 보내드렸습니다. 맛있게 드시길 바라겠습니다 :)"
채소애 (사업자 / 개인 사업자),배송,5546458502,92****,2022.08.11.,언제쯤 받을 수 있을까요?,"안녕하세요. 기다려주셔서 감사합니다. 
어제 안내드린 것과 같이 강원도 폭우로 인해 
산지에서 수확이 안되어 다음주 발송 예정입니다.

기다려주신 만큼 잘 준비해서 보내드리겠습니다."
채소애 (사업자 / 개인 사업자),상품,5546458502,biny***,2022.08.02.,혹시 초롱무 오늘 주문하면 언제 수확한 무인가요?,"안녕하세요. 오늘 주문시 내일 발송 예정이며 오늘 수확한 무로 발송됩니다. 
매일 전일 수확한 상품으로 발송해드립니다."
채소애 (사업자 / 개인 사업자),"상품, 배송",5546458502,waik*****,2022.07.20.,무청이 아예없는게 아니고 적당히 있으면 오늘 보내주세요감사합니다,"네, 오늘 발송해드리겠습니다 :)"
채소애 (사업자 / 개인 사업자),기타,5546458502,skis***,2022.07.20.,재구매 했어요~!!! 알타리가 없어서 초롱무로 4단 주문했어요~ 하자 없는 제품으로 빠른 배송 부탁드려요~~,"안녕하세요. 다시 찾아주셔서 감사합니다. 
오늘 잘 준비해서 발송해드리겠습니다 :)"
채소애 (사업자 / 개인 사업자),교환/ 환불,5546458502,waik*****,2022.07.19.,2단 구매했습니다 혹시 싱싱하지않거나 잎이 없는거라면 취소할수있도록 답변주십시오,"안녕하세요. 무 자체는 싱싱하지만 오늘은 무청이 많은 편이 아닙니다.
밭자리에 따라 차이도 있다보니 괜찮으시다면 금요일에 무청이 많은 상품으로 보내드려도 괜찮으실까요?"
채소애 (사업자 / 개인 사업자),배송,5546458502,gmls****,2022.07.14.,방금 결재 했어요 말씀해 주신대로 배송란에 기입했고요 초롱무 보내실때 쪽파도 꼭 같이 올수 있도록 한번더 부탁드립니다.,"안녕하세요. 저희 상품을 주문해주셔서 감사합니다. 
다음주에 초롱무 발송시 쪽파도 함께 발송되며
수량에 따라 2박스로 분리배송되는 점 안내드립니다."
채소애 (사업자 / 개인 사업자),배송,5546458502,98****,2022.07.13.,오늘주문하면 언제 발송 되나요??,"안녕하세요. 문의주셔서 감사합니다. 
초롱무는 18일 이후 순차 발송 됩니다 :)"
채소애 (사업자 / 개인 사업자),기타,5546458502,lj****,2022.07.03.,싱싱한거로보내주시고 넘 큰무는 싫어욧.ㅜㅜ,"안녕하세요. 저희 상품을 주문해주셔서 감사합니다. 초롱무 자체가 무가 큰 편이지만 그 중에서 크지 않은 무로 보내드렸습니다. 
맛있게 드시길 바라겠습니다 :)"
채소애 (사업자 / 개인 사업자),기타,5546458502,yk****,2022.07.01.,잎사귀싱싱한걸루 부탁드려요.,"안녕하세요. 저희 상품을 주문해주셔서 감사합니다. 
싱싱한 상품으로 발송해드리겠습니다 :)"
채소애 (사업자 / 개인 사업자),배송,5546458502,rhkr****,2022.06.28.,8월8일부터 출하되는건가요? 그전엔 주문해도 빨리 안오는건가요?,"안녕하세요. 문의주셔서 감사합니다. 
지금도 주문해주시면 강원도 초랭무, 전라도 초롱무로 발송 가능합니다. 
올해는 일찍 수확하여 7월 15일경 채소애 고랭지 초롱무가 출하 예정입니다 :)"
채소애 (사업자 / 개인 사업자),교환 / 환불,5546458502,ys****,2022.06.25.,정말죄송합니자 잘못눌렀는데 어찌취소해야하는지 몰라어요 아무리봐도 안나와서요 취소부탁드립니다,"안녕하세요. 
결제가 안된 것 같습니다. 
주문 결제건이 확인이 안됩니다."
채소애 (사업자 / 개인 사업자),배송,5546458502,luck*****,2022.06.24.,월요일 출발가능하신지요?,"안녕하세요. 문의주셔서 감사합니다. 
현재 알타리무는 판매 종료되어 
초롱무로 구매 가능합니다 :)"
채소애 (사업자 / 개인 사업자),기타,5546458502,happ*********,2022.06.17.,3단주문했습니다 싱싱한걸로 부탁드려요,"안녕하세요. 저희 상품을 주문해주셔서 감사합니다. 
매일 그날 들어온 싱싱한 상품으로 보내드리지만 
날이 더워지다 보니 밭에서부터 전잎에 누런잎은 
생기며 잎이 시들해보일 수 있으나 물에 씻으면 
생생하게 살아난답니다. 맛있게 드시길 바라겠습니다^^"
채소애 (사업자 / 개인 사업자),기타,5546458502,hjs6*****,2022.06.15.,리뷰가 좋아 3단 구매했어요 맵지않고 싱싱한걸로 보내주세요,"안녕하세요. 저희 상품을 주문해주셔서 감사합니다.
상품 잘 받아보셨을까요? 맛있게 드시길 바라겠습니다 :)"
채소애 (사업자 / 개인 사업자),기타,5546458502,narg*****,2022.06.15.,여름 마지막알타리 담을려고 주문합니다 바람든무없이 줄거리 싱싱한거로 보내주세요~~^^,"안녕하세요. 저희 상품을 주문해주셔서 감사합니다. 
오늘 잘 준비해서 발송해드리겠습니다."
채소애 (사업자 / 개인 사업자),상품,5546458502,crus*****,2022.06.13.,지금 주문하면 매운맛이 많나요??,"안녕하세요. 문의주셔서 감사합니다.
날이 더워짐에 따라 매운기가 생기지만 
아직까지는 밤기온이 그리 높지 않아 많이 맵지는 않습니다."
채소애 (사업자 / 개인 사업자),"배송, 기타",5546458502,skis***,2022.06.13.,방금 4단 주문헀어요~ 좋은 상품으로 검수 잘해서 보내주세요~ 빠른 배송도 부탁드려요~!!,"안녕하세요. 저희 상품을 주문해주셔서 감사합니다.
알타리무는 어제 발쇵되었습니다. 맛있게 드시길 바라겠습니다^^"
채소애 (사업자 / 개인 사업자),기타,5546458502,lotu****,2022.06.11.,리뷰가 너무 좋아서 믿고 주문합니다. 최대한 작고 신선하고 예쁜 애들로 부탁드립니다. 꿀고구마랑 쪽파도 맛있어 보여서 주문했는데 싱싱하고 맛있는 애들로 꼭 보내주세요.^^,"안녕하세요. 요청사항 남겨주신대로 최대한 작은무로 선별하여 보내드렸습니다.
맛있게 드시길 바랄게요^^"
채소애 (사업자 / 개인 사업자),기타,5546458502,ehtl****,2022.06.10.,방금 주문했어요.. 리뷰 좋아서 믿고 구매합니다.. 무사이즈 작은걸로 부탁드려요~,"안녕하세요. 저희 상품을 주문해주셔서 감사합니다. 
작은무로 선별해서 보내드렸습니다. 맛있게 드시길 바랄게요^^"
채소애 (사업자 / 개인 사업자),기타,5546458502,gmls****,2022.06.08.,방금 결재했어요~ 최대한 작은 무사이즈로 부탁드려요.,"안녕하세요. 저희 상품을 주문해주셔서 감사합니다. 
최대한 작은 무로 선별해서 보내드리겠습니다."
채소애 (사업자 / 개인 사업자),기타,5546458502,upfe*******,2022.06.07.,부모님해서 보내드렸는데 칭찬도 받고 좋아서 재주문 왔어요~ 번거롭게 해드려 죄송한데요...이번에도 무 사이즈 작은 걸로 부탁드릴께요~^^;;,"안녕하세요. 만족스러우셨다니 다행입니다. 
작은 무로 선별해서 보내드렸어요. 
맛있게 드시길 바라겠습니다^^"
채소애 (사업자 / 개인 사업자),기타,5546458502,upfe*******,2022.05.28.,김치 만들어서 부모님 보내드릴려고 주문 넣었는데요...가능하시다면 무 사이즈 작은 것으로 부탁드려요~^^;;,"안녕하세요. 저희 상품을 주문해주셔서 감사합니다. 작은 무로 선별해서 보내드리겠습니다. 
좋은 하루 되세요^^"
채소애 (사업자 / 개인 사업자),기타,5546458502,dank***,2022.05.15.,네이버 첫구매 1000원 할인은 어떻게 받는거에요? 결제할때도 그런쿠폰은 없던데요?,"안녕하세요. 저희 상품을 구매해주셔서 감사합니다.
첫 구매고객 수량이 소진되어 다시 설정되었습니다. 
연락 드리겠습니다."
채소애 (사업자 / 개인 사업자),기타,5546458502,jjja******,2022.05.14.,리뷰보구 주문했어요.. 무우 작은사이즈로 보내주세요,"안녕하세요. 저희 상품을 주무해주셔서 감사합니다. 
작은 사이즈로 선별해서 보내드리겠습니다."
채소애 (사업자 / 개인 사업자),"배송, 기타",5546458502,mmar******,2022.05.13.,좀전에 주문했어요.낼 받을수 있나요?주말만 시간이 있어서김치 담으려고요. 이쁜 애들로 보캐주세요.,"안녕하세요. 
저희 상품을 주문해주셔서 감사합니다. 
주문해주신 상품은 오늘 발송되었으며 
대부분 익일 도착으로 배송해드리고 있습니다.

다만, 간혹 지역에 따라 택배사 물량이 많은 
경우 1,2일 더 소요될 수도 있습니다. 
맛있게 드시길 바랄게요^^"
채소애 (사업자 / 개인 사업자),상품,5546458502,e2****,2022.05.09.,노지 알타리인가요. 맵지는 않은지요.,"안녕하세요. 문의주셔서 감사합니다. 
노지 알타리이며 아직까지 매운기 없이 맛있습니다."
채소애 (사업자 / 개인 사업자),상품,5546458502,hwas*****,2022.05.05.,무가 맵지않나요?,"안녕하세요. 문의주셔서 감사합니다.
아직까지는 무가 맵지 않고 맛있습니다. 
이제 조금만 더 있으면 매운기가 생깁니다"
채소애 (사업자 / 개인 사업자),상품,5546458502,wmhk****,2022.05.03.,총각무 주문하려는데요 요새 크기가 마니 큰가요?,"안녕하세요. 지금은 시기상 무가 많이 커졌습니다.
다음주부터는 노지 알타리가 출하되기 때문에
무 크기는 조금 작아집니다."
채소애 (사업자 / 개인 사업자),기타,5546458502,stur***,2022.05.03.,싱싱하고 맛있는 알타리로 배송 부탁드리겠습니다.,"안녕하세요. 저히 상품을 주문해주셔서 감사합니다.
좋은 상품으로 발송해드리겠습니다 :)"
채소애 (사업자 / 개인 사업자),배송,5546458502,free****,2022.04.30.,5월 4일에 받으려면 언제 주문해야하나요?,"안녕하세요. 오후 3일 오전 11시 이전 주문시 화요일 출고됩니다.
상품 발송시 대부분이 익일 도착으로 배송해드리고 있습니다만 
지역에 따라 택배사 물량이 많은 경우 1,2일 더 소요되는 경우도 있습니다."
채소애 (사업자 / 개인 사업자),기타,5546458502,9665****,2022.04.19.,후기가 좋아 믿고 구매합니다 근처 로컬푸드에 무는 무청이 넘 길어서 검색해보고 구매하는데 무청 길지 않고 싱싱한 녀석으로 잘 부탁드려요~,"안녕하세요. 저희 상품을 주문해주셔서 감사합니다.
시기상 하우스 알타리이다보니 날이 더워질수록 무청이 길어지지만
짧은 무청은 없습니다만 그 중에서도 길지 않은 상품으로 
선별해서 보내드리겠습니다."
채소애 (사업자 / 개인 사업자),"상품, 기타",5546458502,c0****,2022.04.18.,지난주에 3단 주문했는데 넘맛있어서 4단 추가 주문했어요 아직은 무가 맵거나 하지는 않겠죠 싱싱한거로 부탁드립니다,"안녕하세요. 저희 상품을 다시 찾아주셔서 감사합니다.
아직까지는 매운기 없이 맛있습니다.
오늘 싱싱한 상품으로 보내드렸습니다. 

부디 맛있게 드시길 바라겠습니다 :)"
채소애 (사업자 / 개인 사업자),"상품, 기타",5546458502,c0****,2022.04.17.,월요일 주문하면 언제수확한거로 보내주시나요 금 토 일 발송이 안되면 너무 크게 자란거 받게되나 싶어서요,"안녕하세요. 항상 전일 수확 상품으로 발송됩니다.
지금은 시기상 알타리무가 그리 작지 않고 점점 커지는 시기입니다.
무청도 오늘은 긴편입니다만 맛은 아직까지 아주 좋습니다."
채소애 (사업자 / 개인 사업자),기타,5546458502,chez*****,2022.04.16.,조금전에 3단 주문했는데 댓글보고 주문합니다 싱싱한 걸로 사이즈는 작은거 말고 보내주세요~~*^^*,"안녕하세요. 저희 상품을 주문해주셔서 감사합니다.
작지 않은 무로 싱싱한 상품 보내드리겠습니다. 
좋은 하루 되세요^^"
채소애 (사업자 / 개인 사업자),기타,5546458502,mygr******,2022.04.13.,두번째 구매입니다 처음에는 무청없는 알타리로 주문했는데 무가작았습니다 너무큰거말고 중간 사이즈로 보내주시면 감사하겠습니다,"안녕하세요. 저희 상품을 다시 찾아주셔서 감사합니다. 
적당한 크기 무로 잘 준비해서 발송해드리겠습니다 :)"
채소애 (사업자 / 개인 사업자),기타,5546458502,cba2***,2022.04.11.,달랑무주문요~첫주문 싱싱 하고 작지않은무로10단부탁합니다~~감사합니다,안녕하세요. 저희 상품을 주문해주셔서 감사합니다. 가능한 맞춰서 싱싱한 상품으로 보내드리겠습니다 :)
채소애 (사업자 / 개인 사업자),기타,5546458502,wldn******,2022.04.11.,사진 너무 품질좋아보여서 구매할려다가 다른 상품도 이것저것 많이 주문했어요^^ 좋은 상품으로 잘 부탁드립니다~~♡,"안녕하세요. 저희 상품을 주문해주셔서 감사합니다.
내일 좋은 상품으로 잘 준비해서 발송해드리겠습니다. 
좋은 하루 되세요^^"
채소애 (사업자 / 개인 사업자),"배송, 기타",5546458502,shin*****,2022.04.10.,5단 주문했어요. 제가 수요일까지 휴가라 화요일엔 받아야해요. 오전 11시이전 주문이면 당일 발송이라고해서 급히 주문합니다. 월요일 발송!!꼭 부탁드려요. ☆☆너무 크지않은 상품으로 부탁드립니다~~,"안녕하세요. 저희 상품을 주문해주셔서 감사합니다.
오늘 발송 예정이며 너무 크지 않은 무로 가능한 맞춰서 발송해드리겠습니다."
채소애 (사업자 / 개인 사업자),기타,5546458502,gnfm****,2022.03.29.,6단주문했어요ㅎ 작고 싱싱한거로보내주세요ㅎㅎ,"저희 상품을 구매해주셔서 감사합니다. 
작은 무로 싱싱한 상품 보내드리겠습니다."
채소애 (사업자 / 개인 사업자),기타,5546458502,topg******,2022.03.20.,두번째주문입니다.무청싱싱한걸로좀부탁드려요.,"안녕하세요. 저희 상품을 다시 찾아주셔서 감사합니다.
무청 싱싱한 걸로 잘 선별해서 발송해드리겠습니다 :)"
채소애 (사업자 / 개인 사업자),상품,5546458502,kaka****,2022.03.02.,한단이 몇키로인가요?,"안녕하세요. 문의주셔서 감사합니다. 
한 단에 무 크기, 무청길이에 따라 1.3kg~2.5kg 정도입니다. 
지금은 무청이 짧은편이라 중량이 많지 않습니다."
채소애 (사업자 / 개인 사업자),상품,5546458502,707b***,2022.02.26.,당일 수확해서보내주시나요? 비닐 하우스쟈배죠?,"안녕하세요. 전일 수확한 상품으로 보내드립니다. 
산지에서는 선별작업이 어려워 매일 수확한 상품을 
선별하여 발송해드려요. 

지금은 하우스 알타리입니다. 
감사합니다:)"
채소애 (사업자 / 개인 사업자),"배송, 기타",5546458502,limw*****,2022.02.26.,오늘 알타리5단과 쪽파 주문했습니다 적당한크기의 알타리로 부탁드려요 배송은 수요일 이후로 받고싶습니다 감사합니다~^^,"안녕하세요. 저희 상품을 주문해주셔서 감사합니다. 
3월 2일 수요일 발송해드리겠습니다. 적당한 크기로 
선별해서 보내드리겠습니다.

좋은 하루 되세요 :)"
채소애 (사업자 / 개인 사업자),상품,5546458502,yang*****,2022.02.19.,알타리 5단 주문해서 너무 너무 맛있게 먹고있습니다 알타리 무가 맛있고 무청도 짧고 부드러워 먹기 좋더라구요 하지만 한가지 아쉬운 점이 알타리 무가 작어서 조금 아쉽더라구요 후기가 대체로 무가 작다고 하는데 겨울이라서 그런가요? 혹시 언제가 알타리가 맛있고 알타리무가 적당하게 큰지 알려주세요~,"안녕하세요. 저희 알타리무를 맛있게 드셨다니 정말 기뻐요^^
무 크기는 수확하는 시기, 밭자리에 따라 차이가 있습니다. 

지금 나오는 알타리 무 중에서도 작은 무도 있고 큰 알타리무도 있습니다만
일반 가정에서 대체로 통잡이 크기나 작은 사이즈를 선호하여 별도 요청사항이 
없는 경우는 적당하 크기로 선별하여 보내드리고 있습니다
. 
또한 무 수확이 늦어져서 너무 커버릴 경우는 오히려 알타리무에 
바람이 들거나 다른 문제가 생길 수 있습니다. 알타리무는 지금이 가장 맛이 좋습니다^^

다음에는 배송메모에 요청사항 남겨주시면 최대한 맞춰서 발송해드리겠습니다.
감사합니다."
채소애 (사업자 / 개인 사업자),"상품, 기타",5546458502,time***,2022.02.13.,저번무 4단시켯을때 무가 좀 작더라고요김치한통이안나와요 이번엔 5단시켜요.. 무 상태 좋고 크기 넘작지안은걸로 보내주세요,"안녕하세요. 다시 찾아주셔서 감사합니다. 
너무 작은않은 적당한 크기로 보내드리겠습니다. 
좋은 하루 되세요 :)"
채소애 (사업자 / 개인 사업자),기타,5546458502,6803***,2022.02.08.,후기좋아 믿고 구매합니다. 싱싱한 무로 부탁드려요^^,"저희 상품을 주문해주셔서 감사합니다. 
싱싱한 상품으로 발송해드리겠습니다 :)"
채소애 (사업자 / 개인 사업자),기타,5546458502,la****,2022.02.06.,또 구입했어요~ 맛있어서 구정에 다먹었네요 한달도안되었는데ㅋ 이번에도 단단하고 맛난 알타리 부탁드려요~,"안녕하세요. 맛있게 드셨다니 정말 기뻐요^^ 
이번에도 잘 준비해서 발송해드리겠습니다. 
좋은 하루 되세요!"
채소애 (사업자 / 개인 사업자),상품,5546458502,momo****,2022.01.25.,알타리 주문은 언제(몇월달)까지 할수있나요?,"안녕하세요. 
문의주셔서 감사합니다. 
알타리무는 4월 5월까지 구매 가능하며 
알타리 이후는 초롱무로 구매 가능합니다 :)"
채소애 (사업자 / 개인 사업자),배송,5546458502,doub*******,2022.01.24.,사장님 또 용인입니다 주문하고 일이좀 생겼는데 죄송하지만 금요일쯤 도착하게 배송 늦춰주실수있을까요? 아니면 취소하고 다시 주문할까요?,안녕하세요. 문자 답변드렸습니다^^ 감사합니다.
채소애 (사업자 / 개인 사업자),기타,5546458502,doub*******,2022.01.24.,사장님 용인입니다 알타리 6단 쪽파 당근 3키로 주문했습니다 무청좋고 무 작은쪽으로 부탁드립니다~^^,"안녕하세요. 새해 복 많이 받으세요^^
이번에도 잘 준비해서 발송해드리겠습니다."
채소애 (사업자 / 개인 사업자),상품,5546458502,doub*******,2022.01.23.,사장님 용인입니다 알타리 너무 맛있어서 더하고싶은데 지금 주문해도 무청좋을까요?,"안녕하세요.
무청 지금도 괜찮습니다. 
좋은걸로 보내드릴게요 :)"
채소애 (사업자 / 개인 사업자),기타,5546458502,6120***,2022.01.22.,3단주문했어요. 얼지 않은싱싱한걸로다가 부탁드려요~^^ 맛있음 매년 시켜먹을게요!!,안녕하세요. 다음에도 찾아주시면 신경써서 보내드리겠습니다^^
채소애 (사업자 / 개인 사업자),기타,5546458502,gain****,2022.01.22.,방금 주문했습니다 무가작고 싱싱한 알타리로 부탁드립니다,"안녕하세요. 저희상품을 주문해주셔서 감사합니다. 
작은걸로 싱싱한 상품 보내드리겠습니다 :)"
채소애 (사업자 / 개인 사업자),기타,5546458502,la****,2022.01.18.,알마전에 구입한거 같은데 무가 달큰하니 맛나서 벌써 다먹고 또 구입했어요 싱싱한넘들로 부탁드립니다 수고하세요,다시 찾아주셔서 감사합니다. 오늘도 싱싱하고 좋은 상품으로 발송해드리겠습니다 :)
채소애 (사업자 / 개인 사업자),기타,5546458502,sunj********,2022.01.18.,좋은상품으로부탁드립니다,안녕하세요. 오늘 좋은 상품으로 발송해드리겠습니다 :)
채소애 (사업자 / 개인 사업자),배송,5546458502,twmo****,2022.01.14.,어제 오후에 결제했는데 내일 꼭 받아야 되는데 가능한가요? 그리고 얼지않게 보내주세요.,"안녕하세요. 배송 가능 지역으로 오늘 발송해드렸습니다. 
코로나 제한지역 또는 물량이 많은 경우 간혹 지연되는 경우가 있습니다만
대부분 익일 도착으로 배송해드리고 있어요. 
부디 맛있게 드시길 바랄게요~^^

얼지 않게 잘 포장해서 발송해드렸습니다만 혹시나 무가 얼어있다면 
바로 사용하지 마시고 서늘한 곳에 자연히 1,2시간정도 완전히 녹은 후 
사용하시면 전혀 문제없이 사용할 수 있습니다. 감사합니다 :)"
채소애 (사업자 / 개인 사업자),"배송, 기타",5546458502,smil***,2022.01.13.,알타리 7단구매했는데 청양고추1kg도 추가구매 합배송 가능할까요?? 가능하시면 추가입금하게씁니다,"안녕하세요. 주문해주셔서 감사합니다 .
청양고추 1kg 합배송 가능합니다. 톡톡 남겨드립니다 :)"
채소애 (사업자 / 개인 사업자),"배송, 기타",5546458502,rouz****,2022.01.13.,싱싱한걸로 빠른배송 부탁드립니다,"주문해주셔서 감사합니다. 오늘 잘 준비해서 발송해드리겠습니다. 
따뜻한 하루 되세요 :)"
채소애 (사업자 / 개인 사업자),기타,5546458502,jjun******,2022.01.06.,방금 5단 주문 했어요~ 무가 많이 달린 아이로 바람 안든 녀석으로 부탁 드려요~~ 가게서 쓸꺼라 시키고 좋으면 대량주문 할께요^^,"주문해주셔서 감사합니다. 오늘 잘 준비해서 발송해드리겠습니다 :) 
좋은 하루 되세요!"
채소애 (사업자 / 개인 사업자),배송,5546458502,time***,2022.01.05.,택배사가 어디인가요.??,안녕하세요. 롯데택배입니다.
채소애 (사업자 / 개인 사업자),"배송, 기타",5546458502,ksm4***,2022.01.03.,방금 5단 주문 했습니다~ 잎이 부드럽고 싱싱한 알타리 보내주시면 감사 하겠습니다~^^ 수욜날 받을수 있을까요?,안녕하세요. 주문해주셔서 감사합니다. 좋은 상품으로 발송해드리겠습니다. 내일 발송 예정으로 코로나 제한 지역이 아닌 경우 대부분 익일 도착으로 배송해드리고 있습니다 :)
채소애 (사업자 / 개인 사업자),기타,5546458502,aspa******,2021.12.25.,네 4단중 3단은 무청없이요..감사합니다 ^^,"네, 3단은 무청없는 알타리로 보내드리겠습니다. 좋은 하루 되세요 :)"
채소애 (사업자 / 개인 사업자),기타,5546458502,aspa******,2021.12.24.,안녕하세요.지금 주문했는데 3단은 무청이 없었으면 좋겠는데 무청대신 쪽파조금 넣어주심 안될까요? ㅎㅎ 조심스레 여쭈어 봅니다. 가능하심 부탁드립니다. 메리 크리스마스!,"주문해주셔서 감사합니다. 무청없는 알타리도 똑같이 싱싱한 상품을 무청을 떼고 보내드리는거다보니 작업이 더 추가되고 오히려 쓰레기수거비가 든답니다..^^; 쪽파를 드리지는 못하지만 가능하면 다른 서비스 챙겨드리겠습니다^^

4단 중 3단은 무청없는 
알타리무로 보내드리면 될까요?"
채소애 (사업자 / 개인 사업자),기타,5546458502,rkwh*****,2021.12.21.,알타리무5단 주문했습니다 무청 싱싱하게 있는걸로 보내주세요,안녕하세요. 주문해주셔서 감사합니다. 무청 싱싱한걸로 보내드리겠습니다 :)
채소애 (사업자 / 개인 사업자),기타,5546458502,time***,2021.12.19.,알타리무시켯어요 3단 좋은상품으로 보내주세요,"안녕하세요. 주문해주셔서 감사합니다.
오늘 좋은상품으로 준비해서 보내드리겠습니다 :)"
채소애 (사업자 / 개인 사업자),기타,5546458502,arri****,2021.12.16.,사장님♡수고 많으셔요~ 저번에 총각무 급하게 시켰는데... 너무 작고 이쁜~~ 좋은걸 보내 주셔서 감사히 잘 담궜다는 구매자입니다. 2단이 2주만에 없어졌어요~^^ 이번에도 최대한로 작고 싱싱한 알타리로 부탁드립니다🥰,"안녕하세요. 저희 알타리무로 그만큼 맛있게 드셨다니 정말 기뻐요. 
이렇게 따로 글 남겨주셔서 감사드립니다. 주문해주시면 작고 싱싱한 상품으로 신경써서 보내드리겠습니다 :)"
채소애 (사업자 / 개인 사업자),기타,5546458502,py****,2021.12.13.,저번에 달랑무 시켰는데 다 깨지고 머리만한 큰게 왔다고 후기 올렸었는데.. 알타리 김치로 하기엔 무가 너무 커서 동치미 담궜는데 …. 생긴건 크고 못생겨도 맛이 있더라구요.. 상품평 너무 안좋게 올려서 미안합니다. 구매하시는 다른 분들께서 혹여나 제 후기 보고 고민하실까봐 공개로 올립니다. 후기 올린거 어떻게 삭제 할지 몰라서 여기에 작성해서 올립니다.,"안녕하세요. 맛있에 드셨다니 정말 다행이에요. 무가 배송 중 깨져서 도착하여 너무 죄송한 마음이었는데 이렇게 다시 글을 남겨주셔서 진심으로 감사 인사 드립니다. 
그냥 지나치실 수도 있는 일인데 마음 써주셔서 저희에게는 큰 힘이 됩니다. 앞으로도 좋은 상품 제공해드릴 수 있도록 더욱 노력하겠습니다. 늘 건강하시고 따뜻한 연말 보내시길 바랄게요~^^"
채소애 (사업자 / 개인 사업자),기타,5546458502,son6****,2021.12.09.,사장님.수고 많으십니다 달큰하고 싱싱한 알타리로 부탁드립니다🥰,안녕하세요. 좋은 상품으로 잘 준비해서 보내드리겠습니다. 감사합니다 :)
채소애 (사업자 / 개인 사업자),"배송, 기타",5546458502,arri****,2021.12.06.,김장하고 속이 남아서 부랴부랴 시켰어요 정말 빠른배송 부탁드립니다ㅠ 좀 작은무가 왔으면 하는바람입니다. 바쁘실텐데 번거롭게 해서 죄송해요~ 꼭 부탁드립니다. 수고하세요~^^,안녕하세요. 저희 상품을 믿고 주문해주셔서 감사합니다. 오늘은 노지 알타리라 전체적으로 잘은 편입니다. 그 중에서도 신경써서 보내드리겠습니다. 좋은 하루 되세요!
채소애 (사업자 / 개인 사업자),기타,5546458502,doub*******,2021.12.03.,아래 알타리무맞는지 여쮰던 용인입니다 알타리 6단 전라도 쪽파 1단 청양1키로. 생강3키로 주문합니다.. 첫주문입니다 당골할수있게 싱싱한넘으로 부탁드리고 특히 알타리 무청 싱싱한 걸로 부탁드려요~,안녕하세요. 믿고 주문해주셔서 감사합니다. 싱싱한 상품으로 잘 준비해서 발송해드리겠습니다.
채소애 (사업자 / 개인 사업자),상품,5546458502,doub*******,2021.12.02.,알타리랑 이것저것 주문하려는데요 사진처럼 알타리무 맞나여? 초롱무 큰무 아닌거죠?,"안녕하세요. 문의주셔서 감사합니다. 
초롱무 아니고 알타리무 맞습니다."
채소애 (사업자 / 개인 사업자),기타,5546458502,eunj********,2021.12.01.,알타리무 12단 주문했습니다 좋은물건 부탁드리겠습니다,안녕하세요. 주문해주셔서 감사합니다. 좋은 상품으로 보내드리겠습니다.
채소애 (사업자 / 개인 사업자),배송,5546458502,phh4***,2021.11.25.,12월 3일에 받으려면 어떻게 주문해야 하나요?,안녕하세요. 문의주셔서 감사합니다. 주문해주실 때 배송메모에 12월 2일 목요일 발송으로 요청사항 남겨주시면 맞춰서 발송해드리겠습니다. 다만 시스템상 배송지연 안내가 나가는 부분 미리 말씀드립니다.
채소애 (사업자 / 개인 사업자),기타,5546458502,sook******,2021.11.15.,제가한단에 얼마씩주고구입했습니까?7단구매 맞습리까?,"안녕하세요. 주문해주셔서 감사합니다. 초롱무 7단 구매하셨으며 한 단에 6,500원입니다."
채소애 (사업자 / 개인 사업자),기타,5546458502,arom***,2021.11.14.,저번에는 무가 너무큰게 왔었네요. 물론 맛은 있었지만 좀 작은무가 왔으면 좋겠습니다,안녕하세요. 다시 찾아주셔서 감사합니다. 수확 시기상 이제 무가 많이 자라 큰 편이지만 그 중에서도 되도록 작은 무로 선별하여 보내드리겠습니다. 감사합니다.
채소애 (사업자 / 개인 사업자),배송,5546458502,tjdu*******,2021.11.12.,달랑무 내일도착으로 보내주실수있나요?,안녕하세요. 오늘은 초롱무 좋은 상품이 모두 소진되어 지금 주문해주시면 월요일 발송 예정입니다. 감사합니다.
채소애 (사업자 / 개인 사업자),상품,5546458502,ligh*****,2021.11.05.,10월 초롱무는 맛있게 잘 담궈먹었습니다. 감사합니다^^ 11월 이후 나온다는 알타리무는 언제 나오나요?,맛있게 드셨다니 감사할 따름이이에요. 알타리무는 어제부터 나오지만 아직 맛이 조금 덜 들어 15일경쯤부터 판매 예정입니다. 기다려주셔서 감사합니다^^
채소애 (사업자 / 개인 사업자),기타,5546458502,stur***,2021.10.28.,싱싱하고 좋은초롱무로 배송부탁드리겠습니다.,안녕하세요. 주문해주셔서 감사합니다. 좋은 상품으로 발송해드리겠습니다^^
채소애 (사업자 / 개인 사업자),기타,5546458502,sj****,2021.10.28.,초롱무 5단이랑 잎파리 없는 초롱무1단 주문 했어요 꼭 초롱무로 보내주시고 김장으로 양이 많으니까 싱싱한거로 부탁드립니다,안녕하세요. 주문해주셔서 감사합니다. 싱싱한 초롱무로 발송해드리겠습니다 :)
채소애 (사업자 / 개인 사업자),기타,5546458502,yco9***,2021.10.25.,무크기가 되도록이면 같는걸로 보내주세요.,안녕하세요. 주문해주셔서 감사합니다. 되도록 크기 비슷한 아이들로 맞춰 보내드리겠습니다.
채소애 (사업자 / 개인 사업자),배송,5546458502,ks****,2021.10.24.,금욜(10월30일)받을 방법이 있을까요?,"안녕하세요. 문의주셔서 감사합니다. 금요일 (10월 29일) 수령 원하시는 걸까요? 주문해주시고 톡톡 남겨주시면 일정 맞춰서 발송해드리겠습니다,"
채소애 (사업자 / 개인 사업자),기타,5546458502,dusd******,2021.10.07.,동치미 담그려 주문합니다 싱싱하고 좋은걸루 부탁드려요,안녕하세요. 싱싱하고 좋은 상품으로 발송해드리겠습니다. 배송은 토요일 한글날로 내일 발송이 불가하여 수확일정에 따라 월요일 또는 화요일 발송예정인 점 안내드립니다. 감사합니다 :)
채소애 (사업자 / 개인 사업자),기타,5546458502,azi4****,2021.10.01.,다음주시킬까생각중인데여~~무크지않고작은사이즈로부탁드려두될까요,"네, 한 단에 큰무, 작은무가 섞여있기는 합니다만 
배송메모에 요청사항 남겨주시면 그 중에서 작은 사이즈로 최대한 맞춰서 보내드리겠습니다^^"
채소애 (사업자 / 개인 사업자),상품,5546458502,azi4****,2021.10.01.,요즘알타리무상태어떤가요??,"오늘부터 발송되는 초롱무는 새로 수확하는 밭이라 상태 좋습니다. 8,9월 잎이 많이 안좋아서 마음 고생했는데 이제 조금 괜찮네요 :) 
강원도 고랭지 초롱무라 무 맛은 좋습니다."
채소애 (사업자 / 개인 사업자),기타,5546458502,syy_******,2021.09.07.,믿고 주문했어요^^ 싱싱한 것으로 부탁드립니다!,안녕하세요. 저희 상품을 믿고 주문해주셔서 감사합니다. 신경써서 발송해드리겠습니다. 좋은 하루 되세요 :)
채소애 (사업자 / 개인 사업자),배송,5546458502,jmai***,2021.08.27.,혹시 오늘 발송됐을까요?,"네, 오늘 발송해드렸습니다^^ 좋은 상품으로 선별해서 보내드렸습니다만 여름이다보니 강원도 초롱무는 흙이 세척이 되어 와서 혹시나 겉으로는 조금 그래보일 수 있어도 속은 좋답니다. 부디 맛있게 드시기를 바라겠습니다. 감사합니다."
채소애 (사업자 / 개인 사업자),기타,5546458502,binb*****,2021.08.06.,고랭지초롱무 구입했어요 무 너무 크지 않는 적당한 크기로 부탁드려요,안녕하세요. 저희 상품을 믿고 주문해주셔서 감사합니다. 오늘 무 적당한 크기로 보내드리겠습니다. 감사합니다 :)
채소애 (사업자 / 개인 사업자),상품,5546458502,imsu****,2021.07.16.,알태리무우 사고 싶은데 언제 다시 재입고되나요 ?,안녕하세요. 문의주셔서 감사합니다. 알타리무는 11월부터 나옵니다. 초롱무는 현재 농사 중인 고랭지초롱무로 8월 6일부터 판매 예정입니다 ^^ 기다려주셔서 감사합니다!
채소애 (사업자 / 개인 사업자),상품,5546458502,rlaa********,2021.06.27.,초롱무도 알타리 크기와 비슷한가요?,안녕하세요. 문의주셔서 감사드립니다. 무 자체 크기는 초롱무가 알타리무 보다 꽤 큰편입니다.
채소애 (사업자 / 개인 사업자),기타,5546458502,kang*****,2021.05.24.,후기는 많지 않지만 평점보고 믿고 구매합니다.^^,믿고 주문해주셔서 감사합니다! 오늘 아주 상태좋고 알타리가 예쁩니다. 좋은 상품으로 준비해서 오늘 출고도와드리겠습니다! 좋은하루 되세요!
채소애 (사업자 / 개인 사업자),기타,5546458502,cm****,2021.05.22.,방금 주문했어요 싱싱하고 무작은걸로 부탁드려요~,안녕하세요. 믿고 주문해주셔서 감사합니다! 싱싱하고 최대한 무가 작은 알타리로 보내드리겠습니다. 감사합니다!
채소애 (사업자 / 개인 사업자),상품,5546458502,kims*****,2021.04.28.,한단 당일 수확된거 맞나요?,안녕하세요^^ 저희 채소애(愛)를 찾아주셔서 감사합니다. 알타리무는 수확 후 바로 새벽시장에 입고 된 상품을 보내드립니다. 감사합니다.
채소애 (사업자 / 개인 사업자),상품,5546458502,eunh***,2021.04.27.,손질없이보내주시나요? 한단2kg인가요,"안녕하세요^^ 저희 채소애(愛)를 찾아주셔서 감사합니다. 한 단 무게는 2kg 내외이며 잎 손질 후 1.5kg 내외입니다. 무는 손질하지 않고 잎만 손질하여 단 그대로 보내드려요.
 무는 손질 세척해서 보내는 것보다 흙이 묻은 상태로 받아보시는 것이 보다 신선합니다^^"
채소애 (사업자 / 개인 사업자),상품,5787852677,eksq*****,2024.11.06.,깐쪽파 시켜서 오늘 도착했는데 흰부분이 다튀어나와있네요. 이러면 깐지 오래된거잖아요,"안녕하세요. 저희 상품을 주문해주셔서 대단히 감사합니다. 
온도, 습도에 따라서도 당일 손질한 쪽파도 흰부분은 튀어나올 수 있습니다. 

저희는 당일 수작업으로 손질하여 싱싱한 파로 보내드리고 있으므로
안심하고 사용해주세요 :)"
채소애 (사업자 / 개인 사업자),배송,5787852677,rena*****,2024.10.02.,"10/1 주문했는데,언제쯤 발송 되나요?","안녕하세요. 저희 상품을 찾아주셔서 대단히 감사합니다. 
국군의 날, 개천절 전일 택배사 발송 휴무로 인해
10/3 목요일 순차 발송됩니다.

현재 주문취소로 확인되어 다음에 다시 찾아주시면 좋은 상품으로 보내드리겠습니다.

환절기 건강 조심하시고 
행복한 10월 되세요~^^"
채소애 (사업자 / 개인 사업자),기타,5787852677,ksh1******,2024.08.15.,무더위에고생이많으시죠!!!!흰머리쪽이많이굵지않은싱싱한쪽파로잘부탁드리겠습니다.아이들이쪽파김찌를너무좋아하는데굵은거는잘먹지를않아서요~^^수고하세요,"안녕하세요. 저희 상품을 주문해주셔서 대단히 감사합니다.
오늘 얇은 파로 선별하여 보내드렸습니다. 
맛있게 드시길 바라겠습니다 :)"
채소애 (사업자 / 개인 사업자),상품,5787852677,znsx******,2024.07.09.,안녕하세요? 기장쪽파 짧은거 있을까요~~,"안녕하세요. 문의주셔서 감사합니다.
지금은 채가 짧지는 않습니다. 
주문시 배송메모 내 요청사항 남겨주시면 
가능한 선별하여 보내드리겠습니다 :)"
채소애 (사업자 / 개인 사업자),상품,5787852677,jang*****,2024.06.25.,"파김치 만들려고 하는데 요즘 쪽파 봄철보다 질긴가요? 맵기는 전라,기장 중 어느 쪽파가 더 매울까요?","안녕하세요. 문의주셔서 감사합니다. 
지금은 봄에 나오는 쪽파처럼 연하지 않습니다 
맵기는 차이가 없으며 쪽파 얇기 차이가 있습니다."
채소애 (사업자 / 개인 사업자),상품,5787852677,your****,2024.06.15.,안녕하세요~?? 집안에 잔치가 있어서 쪽파김치 담그려고 여쭤봅니다... 혹시 기장파 있을까요? 파길이 짧은 쪽파요~ 3kg정도 필요한데요~,"안녕하세요. 문의주셔서 감사합니다. 
기장쪽파 새로 수확하여 이번주부터 다시 상시판매 중입니다. 
많이 얇은 편이며 채도 딱 적당히 짧은 편입니다.
주문시 배송메모 내 남겨주시면 잘 선별하여 보내드리겠습니다 :)"
채소애 (사업자 / 개인 사업자),상품,5787852677,livi********,2024.05.24.,기장쪽파 또 언제 나오나요?,"안녕하세요. 저희 기장쪽파를 찾아주셔서 대단히 감사합니다.
 6월 중순 새로 수확시 다시 판매 예정이며 
산지 상황에 따라 기간이 변동될 수 있습니다 :)"
채소애 (사업자 / 개인 사업자),기타,5787852677,love****,2024.05.24.,톡톡으로 사진 보냈어요,"안녕하세요. 사진 확인 감사드립니다.
톡톡 답변 남겨드렸습니다."
채소애 (사업자 / 개인 사업자),배송,5787852677,love****,2024.05.23.,믿고 구매하는데 오늘은 완전히 다 젖어서 왔네요,"우선 불편을 드려 대단히 죄송합니다. 
수령하신 박스와 상품 전체 사진 톡톡으로 전송해주시면 확인 후 처리도와드리겠습니다."
채소애 (사업자 / 개인 사업자),상품,5787852677,pu****,2024.04.14.,지금주문해도 크기가 많이 크지 않을까요,"안녕하세요. 문의주셔서 대단히 감사합니다. 
생물의 특성상 매일 상품에 따라 크기 차이가 있습니다. 
주문시 배송메모 내 크기 요청사항 남겨주시면
가능한 선별하여 보내드리겠습니다 :)"
채소애 (사업자 / 개인 사업자),상품,5787852677,ys****,2024.04.02.,쪽파 지금 구매하면 너무 늦어서 억셀까요? 4월초엔 기장과 보성 어떤게 더 부드럽나요?,"안녕하세요. 문의주셔서 감사합니다. 
지금은 기장쪽파 전라도쪽파 모두 연하고 맛있습니다 :)"
채소애 (사업자 / 개인 사업자),기타,5787852677,most***,2024.02.27.,평이 좋아 구매합니다. 싱싱한걸로 보내주세요!,"안녕하세요. 저희 상품을 주문해주셔서 대단히 감사합니다. 
오늘 싱싱한 쪽파로 잘 준비해서 보내드리겠습니다 :)
좋은 하루 되세요^^"
채소애 (사업자 / 개인 사업자),상품,5787852677,jehy******,2024.02.25.,기장? 보성? 차이점이 뭘까요? 용도는 김치,"안녕하세요. 문의주셔서 대단히 감사합니다. 
두 상품은 산지 차이로 기장쪽파는 부산 기장 지역에서 재배되며 
보성쪽파는 전라도쪽파입니다. 

기장쪽파는 얇고 채가 짧은 쪽파를 찾을실 경우 추천드리며
전라도쪽파는 비교적 기장쪽파보다는 도톰하고 채가 긴 편입니다. 

다만 생물이다보니 시기에 따른 얇기, 길이 차이는 있는 점 안내드립니다.
두 상품 모두 쪽파 김치용으로는 동일하게 사용 가능합니다.
주문해주시면 맛있는 쪽파로 잘 준비해서 보내드리겠습니다^^"
채소애 (사업자 / 개인 사업자),상품,5787852677,blue*****,2024.01.03.,기장쪽파 언제 또 주문 가능한가요?,"안녕하세요. 저희 기장쪽파를 찾아주셔서 대단히 감사합니다. 
기장쪽파는 현재 산지 작업이 마무리되어 2월 말경 다시 판매예정입니다 :)
수확 일정에 따라 기간이 조금 변동이 있을 수 있습니다. 
새해 복 많이 받으세요^^"
채소애 (사업자 / 개인 사업자),배송,5787852677,ezic*****,2024.01.02.,총각무랑 같이 주문하려는데 배송비가 이중으로 결제가 되네요? 왜그런거죠?,"안녕하세요. 문의주셔서 대단히 감사합니다.
알타리 구매시 추가구성상품으로 쪽파 주문해주시면
별도 추가 배송비 없이 주문 가능합니다 :)

생물의 특성상 중량, 수량에 따라 분리배송되는 경우가 많아 
상품 페이지별 배송비가 발생되는 점 양해 부탁드립니다."
채소애 (사업자 / 개인 사업자),기타,5787852677,croh*****,2023.12.21.,상품들 시킨거 신선한걸로 잘부탁드려요~,"안녕하세요. 저희 상품을 주문해주셔서 대단히 감사합니다. 
싱싱한 상품으로 잘 준비해서 보내드렸습니다. 
맛있게 드시길 바라겠습니다^^"
채소애 (사업자 / 개인 사업자),상품,5787852677,ljh6***,2023.12.11.,안녕하세요 판매자님! 기장쪽파 더 판매 안하시는건가요? 얼마전에 2kg샀었는데 좋아서 더 사고싶어서요~,"안녕하세요. 저희 상품이 만족스러우셨다니 다행입니다. 
기장쪽파는 현재 작업이 마무리되어 2월부터 다시 판매 예정입니다 :)"
채소애 (사업자 / 개인 사업자),배송,5787852677,osg3***,2023.12.06.,배송이늦어진다고 연락이와서요 월요일에 김장이라 토요일 오후까진 배송을 받아야하거든요 일요일은 배송이 안되니까요 괜찮을까요,"안녕하세요. 저희 상품을 주문해주셔서 대단히 감사합니다.
주문해주신 깐쪽파는 오늘 발송되었습니다. 
빠른 배송될 수 있도록 잘 준비해서 보내드렸습니다.
맛있게 드시길 바라겠습니다^^"
채소애 (사업자 / 개인 사업자),배송,5787852677,osg3***,2023.12.05.,쪽파를주문했어요 김장땜에 12월9일에 배송받았음좋겠다고 메모남겼는데 괜찮을까요,"안녕하세요. 저희 상품을 주문해주셔서 대단히 감사합니다. 
7일 목요일 발송해드려도 괜찮으실까요?
상품 발송시 대부분 익일 도착으로 배송되지만 
김장철 하루 정도 더 소요될 수 있습니다. 

7일 발송시 8일 또는 9일 배송 예정입니다."
채소애 (사업자 / 개인 사업자),기타,5787852677,geum***,2023.12.04.,"기장쪽파가 정말 맛있다고 해서, 파김치 담그려고 깐쪽파 2단 주문했어요. 채 짧고 싱싱한 거로 부탁드려요~","안녕하세요. 저희 상품을 주문해주셔서 대단히 감사합니다.
상품 잘 받아보셨을까요?
맛있게 드시길 바라겠습니다^^"
채소애 (사업자 / 개인 사업자),배송,5787852677,thmy*****,2023.11.30.,내일 주문하면 언제 도착하나요,"안녕하세요. 저희 상품을 주문해주셔서 감사합니다.
쪽파는 오전 11시 이전 주문건에 대해 당일 출고됩니다."
채소애 (사업자 / 개인 사업자),배송,5787852677,thmy*****,2023.11.30.,오늘 주문하면 언제 도착하나요,"안녕하세요. 
오늘 주문해주시면 내일 12/1 금요일 출고됩니다. 감사합니다."
채소애 (사업자 / 개인 사업자),상품,5787852677,thmy*****,2023.11.30.,쪽파 상태 를 알고 싶어요,"안녕하세요. 문의주셔서 감사합니다. 
쪽파 상태 좋습니다."
채소애 (사업자 / 개인 사업자),기타,5787852677,che4***,2023.11.15.,주문했습니다. 짧은걸로 요청합니다.,"안녕하세요. 저희 상품을 주문해주셔서 대단히 감사합니다. 
채 짧은 쪽파로 선별하여 보내드렸습니다. 상품은 잘 받아보셨을까요?
맛있게 드시길 바라겠습니다^^"
채소애 (사업자 / 개인 사업자),기타,5787852677,mode*****,2023.10.19.,주문했습니다 싱싱한거로 부탁드려요,"안녕하세요.
싱싱한 상품으로 잘 준비해서 보내드리겠습니다 :)"
채소애 (사업자 / 개인 사업자),기타,5787852677,cvb8*****,2023.09.13.,안녕하세요 싱싱한 쪽파로 부탁드려요,"안녕하세요. 저희 상품을 주문해주셔서 대단히 감사합니다. 
오늘 싱싱한 쪽파로 보내드리겠습니다."
채소애 (사업자 / 개인 사업자),배송,5787852677,96****,2023.08.20.,27일 파김치 담그려면 토요일 배송거능한지요? 언제 주문을 해야할까요?,"안녕하세요. 문의주셔서 감사합니다.
주문시 배송메모 내 25일 금요일 출고 요청으로 
남겨주시면 26일 토요일 배송 예정으로 25일 금요일 발송됩니다."
채소애 (사업자 / 개인 사업자),상품,5787852677,newa****,2023.03.21.,기장쪽파전단은 다 나간건가요? 주문하러 들어왔는데 품절이 ㅠㅠ 제가 너무 늦었나봐요,"안녕하세요. 저희 채소애 스토어를 찾아주셔서 대단히 감사드립니다.
기장쪽파 전단은 산지에서 작업이 되는 경우에만 판매하고 있다보니 
현재는 품절 상태이며 곧 다시 오픈 예정입니다. 
감사합니다. 좋은 하루 되세요^^"
채소애 (사업자 / 개인 사업자),상품,5787852677,newa****,2023.03.20.,기장쪽파 전단이라고 쓰여진 상품은 어떤 건지 궁금해서요.,"안녕하세요. 문의주셔서 감사합니다.
전단은 똑같은 기장쪽파이지만 단이 크게 묶여 
2kg 정도 중량입니다."
채소애 (사업자 / 개인 사업자),배송,5787852677,lesp*******,2023.02.28.,지금 결제하고 도착날짜를 지정해도 되나요? 주말지나 월욜이나 화욜에 받고 싶은데 미리 결제하고 부탁드려도 되나해서요,"안녕하세요. 문의주셔서 감사합니다.
주문시 배송메모에 꼭 '상품, 요청 발송일자' 남겨주시면
맞춰서 발송해드리겠습니다."
채소애 (사업자 / 개인 사업자),상품,5787852677,ha****,2023.01.06.,기장쪽파 언제나올까요?,"안녕하세요. 문의주셔서 감사합니다.
기장쪽파는 2월 말에서 3월 초 봄이 되면
수확 예정입니다 :)"
채소애 (사업자 / 개인 사업자),상품,5787852677,kb****,2022.12.27.,기장쪽파와 전라도 쪽파 차이가 뭔가요?,"안녕하세요. 문의주셔서 감사합니다.
기장쪽파는 채가 짧고 대가 얇은 편입니다."
채소애 (사업자 / 개인 사업자),상품,5787852677,k981***,2022.12.22.,기장쪽파는 언제 판매하나요?,"안녕하세요. 
기장쪽파는 3,4주 정도 후에 다시 판매예정입니다만 
산지 상황에 따라 기간은 달라질 수 있는 점 안내드립니다. 

기장쪽파는 산지에서 작업이 될 경우 바로 오픈 예정입니다. 
감사합니다. 따뜻한 연말 되세요:)"
채소애 (사업자 / 개인 사업자),배송,5787852677,helo******,2022.11.30.,배송이 언제될까요?어제 주문했는데 금요일까지는 올까요?,"안녕하세요. 저희 상품을 주문해주셔서 감사합니다.
주문해주신 상품은 오늘 발송되었습니다. 
금요일까지는 받아보실 수 있을거예요. 
맛있게 드시길 바라겠습니다^^"
채소애 (사업자 / 개인 사업자),배송,5787852677,sunm*****,2022.11.27.,한곳에서 묶음배송 안되는건가요. 배추 주문하면서 추가상품 구입금액과 채소애따로 들어가서 쪽파 가격이 달라서요.배추 주문하면서 추가상품 구매시 택배비를 포함에서 상품가격으로 받으시는건지요?,"안녕하세요. 문의주셔서 감사합니다. 
배추와 쪽파는 묶음배송이 불가한 상품으로 
배추는 3포기에 1박스로 분리배송됩니다. 
배추 구매 페이지 내 추가상품으로 쪽파 구매시택배비가 포함되어 1단 구매시에는 배추 링크내 편하게 구매 가능하며 2단 이상 구매시에는 
쪽파 페이지내 구매해주시면 좋습니다. 감사합니다."
채소애 (사업자 / 개인 사업자),기타,5787852677,shs5*****,2022.11.27.,t파김치 담을려고 기장 깐쪽파 2단 신청했어요 싱싱하고 맛있는 파로 보내주세요 감사합니다,"안녕하세요. 저희 상품을 주문해주셔서 감사합니다.
싱싱한 상품으로 보내드리겠습니다 :)"
채소애 (사업자 / 개인 사업자),상품,5787852677,lesp*******,2022.10.09.,가격이 갑자기 올랐네요?,"안녕하세요. 고객님, 농산물의 특성상 시세 변동으로 
가격이 변동될 수 있는 점 안내드립니다. 감사합니다."
채소애 (사업자 / 개인 사업자),상품,5787852677,jini****,2022.10.05.,지금 쪽파는 머리가 큰걸까요?,"안녕하세요. 지금은 쪽파 머리가 크지 않으며 
기장쪽파는 얇은 편이며 전라도쪽파는 기장쪽파보다는 
굵지만 엄청 굵은 편은 아닙니다."
채소애 (사업자 / 개인 사업자),배송,5787852677,tw****,2022.07.07.,택배사가 어디인가요?,안녕하세요. 택배사는 롯데택배입니다.
채소애 (사업자 / 개인 사업자),상품,5787852677,esel***,2022.06.06.,지금 주문하면 파머리 부분이 굵은가요? 파김치용으로 굵지 않은 것을 구입하고 싶어서요.,"안녕하세요. 문의주셔서 감사합니다.
지금 시기는 파머리가 다 굵은 편입니다."
채소애 (사업자 / 개인 사업자),상품,5787852677,kims***,2022.05.02.,파머리가 둥글하고 큰 쪽파 구할수있나요? 그런 쪽파를 뭐라 하지요?,"안녕하세요. 문의주셔서 감사합니다. 
시기에 따라 차이가 있습니다만 지금은 파머리가 굵고 둥근편입니다."
채소애 (사업자 / 개인 사업자),기타,5787852677,pmjk******,2022.02.23.,싱싱한 쪽파부탁드립니다,"안녕하세요. 저희 상품을 주문해주셔서 
감사합니다. 싱싱한 상품으로 보내드리겠습니다:)"
채소애 (사업자 / 개인 사업자),상품,5787852677,rita***,2022.01.15.,갓은 몇kg일까요?,"안녕하세요. 문의주셔서 감사합니다. 
현재 여수 돌산갓만 판매하고 있으며 여수 돌산갓 한 단에 약 1.5kg 내외입니다."
채소애 (사업자 / 개인 사업자),상품,5787852677,s0****,2022.01.02.,기장쪽파는 언제쯤 구매가능한가요? 기장쪽파가 잘아서 까긴 힘들어도 식구들이 잘먹어서 몇번 주문했었는데 지금은 품절이네요.....,"안녕하세요. 다시 찾아주셔서 감사합니다.
현재는 기장쪽파 수확이 끝이 나고 2월경에 다시 판매예정입니다^^"
채소애 (사업자 / 개인 사업자),배송,5787852677,js****,2021.12.14.,사장님~ 지금 주문하면 내일 올까요?,안녕하세요. 지금 주문시 한 단은 오늘 발송 가능합니다만 그 이상은 내일 발송 됩니다. 감사합니다 :)
채소애 (사업자 / 개인 사업자),배송,5787852677,tees****,2021.12.03.,지금 주문하면 내일 받을수 있을까요? 내일이 김장이라.. 꼭 내일이요~~,안녕하세요. 저희가 오전 11시 이전 주문시 당일발송 가능합니다만 오후에도 가능한 경우 당일 발송해드리고 있습니다. 다만 오늘은 좋은 상품이 다 빠져서 주문해주시면 월요일 발송 예정입니다. 감사합니다.
채소애 (사업자 / 개인 사업자),배송,5787852677,kjhs****,2021.12.02.,토요일에 김장 할거라거 금요일에 꼬 받았으면 좋겠습니다. 택배사가 어딜까요?,안녕하세요. 오늘 꼭 발송해드리겠습니다. 택배사는 롯데택배입니다.
채소애 (사업자 / 개인 사업자),배송,5787852677,junh*****,2021.11.20.,저번에 시켰을때 쪽파가 너무 맛있어서 김장할때 넣으려고 하는데요 혹시 일찍 결제하고 토요일에 받을 수 있나요?,"맛있게 드셨다니 정말 다행이에요^^ 네, 주문 후 배송메모에 금요일 날짜로 발송요청사항 남겨주시면 맞춰서 발송해드리겠습니다. 다만 시스템상 배송지연으로 안내가 나가는 점 말씀드립니다."
채소애 (사업자 / 개인 사업자),기타,5787852677,kiki****,2021.11.16.,방금 주문했는데 기장쪽파로 좋은 상품 보내주세요!!,안녕하세요. 주문해주셔서 감사합니다. 좋은 상품으로 보내드리겠습니다.
채소애 (사업자 / 개인 사업자),배송,5787852677,bana******,2021.11.12.,입금했어요~~토요일 도착인거죠?,주문해주셔서 감사합니다. 오늘 발송 예정이며 대부분 익일 도착으로 배송해드리고 있습니다.
채소애 (사업자 / 개인 사업자),배송,5787852677,bana******,2021.11.11.,오늘구매하면 토요일에 배송가능한가요? 금요일10시이전에 입금할려구요~~,안녕하세요. 금요일 11시 이전 주문시 오늘 발송됩니다. 감사합니다 :)
채소애 (사업자 / 개인 사업자),배송,5787852677,kh****,2021.10.27.,25일 월요일 택배보내신거 같은데 아직 못받아서요.ㅜ(현재 수요일 저녁입니다) 어제 찹쌀풀이랑 고추가루 양념 다 해놨는데 이리 도착안할수가요.. 파가 누렇게 떴을까바 걱정이네요. 롯데택배만 이리 늦네요. 다른 택배들은 주문 다음날 바로 도착하거든요. 내일 목요일엔 도착할까요?,우선 불편을 드려 정말 죄송합니다. 바로 연락드리겠습니다.
채소애 (사업자 / 개인 사업자),상품,5787852677,jung********,2021.10.25.,노지인가요?비닐히우스로 키운건가요?,지금은 노지입니다. 감사합니다 :)
채소애 (사업자 / 개인 사업자),배송,5787852677,gy****,2021.09.14.,두단주문하고싶습니다.오늘주문하면 추석지나고오나요?,전라도 쪽파는 오늘 발송해드릴 수 있습니다. 기장쪽파는 추석 지나서 발송 가능합니다. 전라도 쪽파도 아직 그리 굵지 않고 좋습니다.
채소애 (사업자 / 개인 사업자),배송,5787852677,gy****,2021.09.14.,오늘 14일 주문하고싶은데 배송 끝났나요?,안녕하세요. 오전 11시 주문건까지 오늘 발송해드리고 있습니다만 혹시 몇단 정도 필요하실까요?
채소애 (사업자 / 개인 사업자),배송,5787852677,iras*****,2021.08.27.,쪽파 3 단 주문했는데요. 언제 발송하실까요? 저는 다음주에 도착했으면 좋겠어요,"안녕하세요. 저희 상품을 믿고 주문해주셔서 감사합니다. 쪽파는 오늘 발송예정입니다만 혹시 다음주 도착을 원하시면 월요일 발송으로 도와드릴까요? 
현재로는 월요일 발송 예정이지만 쪽파는 비 오는 날 작업이 불가하여 산지 상황에 따라 소요일은 달라질 수 있는 점 안내드립니다."
채소애 (사업자 / 개인 사업자),상품,6264183522,hbhi***,2024.11.06.,3포기 대략 몇kg 정도 되나요?,"안녕하세요. 문의주셔서 대단히 감사합니다. 
3포기 전처리 전 10kg 내외 전처리 후 1포기 2.7kg ~3kg 정도 입니다 :)"
채소애 (사업자 / 개인 사업자),기타,6264183522,mge9***,2024.10.11.,제발 신선헌걸로 보내주새요,"안녕하세요. 저희 상품을 주문해주셔서 대단히 감사합니다. 
싱싱한 배추로 보내드리겠습니다 :)"
채소애 (사업자 / 개인 사업자),기타,6264183522,cris*******,2024.09.26.,"후기 보고 주문했는데 상태가 최근 받은 것들 중 상태가 안좋다는 말들이 있네요,, 금값인 만큼 좋은 걸로 보내주세요","안녕하세요. 저희 상품을 주문해주셔서 대단히 감사합니다. 
주문해주신 상품은 어제 발송되어 오늘 배송 예정으로 확인됩니다. 
맛있게 드시길 바라겠습니다."
채소애 (사업자 / 개인 사업자),교환 / 환불,6264183522,sung*****,2024.09.25.,배추상태가 너무 안좋네요 교환이나 환불 가능할까요?,"안녕하세요.
톡톡 확인 후 답변드렸습니다. 
감사합니다 :)"
채소애 (사업자 / 개인 사업자),기타,6264183522,dark********,2024.09.23.,주문했습니다. 배추속이 깨끗하고 상태 좋다는 답변 보고 주문했으니 꼭 좋은 걸로 보내주세요.,"안녕하세요. 저희 상품을 주문해주셔서 감사합니다. 
오늘 재차 확인 후 보내드렸습니다.
혹시나 속에 문제가 있을 경우 언제든지 톡톡으로 연락주세요 :)"
채소애 (사업자 / 개인 사업자),기타,6264183522,leem***,2024.09.23.,상품평에 상태가 안 좋다는 글이 많은데 오늘 주문하면 배추 상태가 어떨까요?,"안녕하세요. 문의주셔서 감사합니다.
여름 배추라 겉잎이 청기가 많은 편은 아니다 
속 깨끗하고 좋습니다 :)"
채소애 (사업자 / 개인 사업자),배송,6264183522,astr****,2024.09.10.,오늘주문시 추석전받을수있나요?,"안녕하세요. 문의주셔서 감사합니다.
추석 전 마지막 발송일은 11일 수요일로
11일 오전 11시 이전 주문건에 대해 수요일 발송됩니다.

상품 발송시 대부분 익일 도착으로 배송되며 간혹 지역에 따라 하루 더 소요되는 경우도 있습니다.
수요일 출고시 목요일 또는 금요일 배송 예정입니다."
채소애 (사업자 / 개인 사업자),기타,6264183522,nj****,2024.09.05.,방금 결제했는데요 좋은 걸로 보내주세요 ~,"안녕하세요. 저희 상품을 주문해주셔서 대단히 감사합니다. 
오늘 싱싱한 배추로 보내드리겠습니다^^"
채소애 (사업자 / 개인 사업자),기타,6264183522,yd****,2024.09.04.,방금 주문했어요~ 좋은 상품 보내주세요~^^,"안녕하세요. 저희 상품을 주문해주셔서 대단히 감사합니다. 
오늘 싱싱한 배추로 보내드리겠습니다^^"
채소애 (사업자 / 개인 사업자),상품,6264183522,sun9****,2024.09.02.,문의 드립니다 현재 출하되는 배추 신선도가 괜찮은가요 ? 그리고 어느지역 배추인가요 ?,"안녕하세요. 문의주셔서 대단히 감사합니다. 
지금은 강원도 고랭지 배추로 발송되며 
해발 1,000m 이상의 강원도 암반데기에서 수확한 배추입니다."
채소애 (사업자 / 개인 사업자),배송,6264183522,fame****,2024.08.15.,오늘 주문하면 토요일에 받을 수 있나요?,"안녕하세요. 문의주셔서 대단히 감사합니다.
배추는 평일 오전 11시 이전 주문시 당일 출고됩니다. 
상품 발송시 대부분 익일 도착으로 배송해드리고 있습니다만
간혹 지역에 따라 하루 더 소요되는 경우도 있습니다."
채소애 (사업자 / 개인 사업자),배송,6264183522,huis******,2024.08.14.,오늘 주문하면 토요일은 올 수 있을까요?,"안녕하세요. 문의주셔서 대단히 감사합니다. 
오늘 주문시 배추는 15일 또는 16일 출고되어 
금요일 또는 토요일 배송 예정입니다 :)"
채소애 (사업자 / 개인 사업자),배송,6264183522,nugu***,2024.07.30.,오늘 4통주문하면 언제 받을수있을까요?,"안녕하세요. 문의주셔서 대단히 감사합니다. 
배추는 요즘 상태에 따라 2,3일 지연될 수 있습니다.
상품 발송시 대부분 익일 도착으로 배송되며 간혹 지역에 따라 하루 더 소요되는 경우도 있습니다."
채소애 (사업자 / 개인 사업자),상품,6264183522,ilov*******,2024.07.20.,지금배추상태 괜찮을까요? 장마라 시장가니까 배추가 다 별루더라구요~상태괜찮으면 주문하려구요,"안녕하세요. 문의주셔서 대단히 감사합니다. 
매일 싱싱한 배추로 전처리 후 확인 후 보내드리고 있습니다. 
장마철 선별시 확인되지 않은 속에 문제가 있을 경우 
수령 후 사진과 함께 톡톡 남겨주시면 확인 후 처리 도와드립니다."
채소애 (사업자 / 개인 사업자),상품,6264183522,bany***,2024.06.21.,햇배추 아니죠,"안녕하세요. 문의주셔서 감사합니다. 
지금은 햇배추로 보내드립니다 :)"
채소애 (사업자 / 개인 사업자),상품,6264183522,kery****,2024.05.21.,지금 현재는 어느 지역 배추입니까,"안녕하세요 :) 문의주셔서 감사합니다. 
지금은 문경, 의령, 서산 등 전국적으로 강원도 지역을 제외한 지역 배추로 발송됩니다."
채소애 (사업자 / 개인 사업자),배송,6264183522,ans7***,2024.05.03.,무.쪽파.배추를 주문 하려는데 품목별 배송비를 각각 내야하는 건가요?,"안녕하세요. 문의주셔서 대단히 감사합니다. 
배추는 분리배송되며 상품 중량, 수량에 따라 합배송이 안되는 경우가 많아
상품별 배송비가 발생됩니다. 여러 상품 구매시 톡톡 문의주시면 
조금 더 편하신 방법으로 구매하실 수 있도록 도움드리겠습니다. 감사합니다."
채소애 (사업자 / 개인 사업자),"배송, 기타",6264183522,oknl***,2024.04.12.,낼 받을수 있게 해주시고 알차고 좋은걸로 부탁드려요,"안녕하세요. 저희 상품을 주문해주셔서 대단히 감사합니다. 
상품 잘 받아보셨을까요?
맛있게 드시길 바라겠습니다^^"
채소애 (사업자 / 개인 사업자),배송,6264183522,tt****,2024.03.28.,29 금요일에 받을수 있을까요?,"안녕하세요. 저희 상품을 주문해주셔서 대단히 감사합니다.
주문해주신 상품은 29일 금요일 배송완료로 확인됩니다.
상품 잘 받아보셨을까요?
맛있게 드시길 바라겠습니다 :)"
채소애 (사업자 / 개인 사업자),기타,6264183522,8630***,2024.03.26.,달고 맛있을것같아 4포기 주문했어요 백김치 담을거라서 선별 잘부탁드립니다,"안녕하세요. 저희 상품을 주문해주셔서 대단히 감사합니다. 
저장배추라 지금은 겉 푸른잎은 없지만 
맛은 더욱 맛있습니다 :)
잘 준비해서 오늘 보내드리겠습니다^^"
채소애 (사업자 / 개인 사업자),기타,6264183522,as****,2024.03.18.,파란겉잎있는것으로 받고싶어요,"안녕하세요. 저희 상품을 주문해주셔서 대단히 감사합니다. 
지금은 저장배추로 발송되어 푸른잎이 많은 편은 아니지만 
가능한 잘 선별하여 보내드리겠습니다.
오늘도 건강한 하루 되세요^^"
채소애 (사업자 / 개인 사업자),상품,6264183522,flut*****,2024.02.27.,4포기랑 3포기 크기 차이가 있는가요? 3포기 기준 몇키로 되는가요? 망은 작은건가요? 망 키로수는 어떻게 되는가요? 포기 김치용으로 크고 좋은거 구매하려면 어떤 옵션 선택하면 될까요?,"안녕하세요. 문의주셔서 대단히 감사합니다. 
배추 4포기, 3포기는 동일 크기의 배추로 수량만 한 포기 차이입니다. 

망배추는 3포기, 4포기 상품과 동일한 네쪽용 배추입니다만 
망 작업 특성상 한 포기 정도 작은 사이즈가 들어있을 수 있습니다. 

3포기, 4포기로 구매시 가능한 일정하게 큰 사이즈로 선별하여 보내드립니다."
채소애 (사업자 / 개인 사업자),배송,6264183522,iove******,2024.02.06.,2박스를 주문했는데 1박스만 도착을 했네요...택배사에서는 없다고 하는데,"안녕하세요. 저희 상품을 주문해주셔서 대단히 감사합니다. 
주문해주신 배추는 동일한 날 2박스로 발송되었습니다.

한 박스는 오늘 오후 중부권터미널에 도착한 것으로 확인됩니다. 
동일한 날 출고되어도 간혹 다른 날 배송되는 경우가 있습니다. 

추가 1박스 운송장번호 아래 남겨드립니다. 
2476-6645-7684 롯데택배입니다. 

혹시나 내일까지 수령을 못하실 경우 한 번 더 문의 또는 톡톡 남겨주시면
감사하겠습니다. 기다려주셔서 감사합니다.
혹시나 내일"
채소애 (사업자 / 개인 사업자),기타,6264183522,jks5*****,2024.02.01.,20포기 주문이요 속이 많이 노란거면 좋겠어요 명절 지나서요,"안녕하세요. 문의주셔서 감사합니다. 
설 연휴 이후 13일 화요일부터 순차 발송 예정입니다.
주문해주시면 속 실하고 좋은 배추로 보내드리겠습니다."
채소애 (사업자 / 개인 사업자),상품,6264183522,parr***,2024.01.29.,배추를주문하려고 하는데 혹시 +1개시서서 4개짜리는 크기가 작나요?,"안녕하세요. 문의주셔서 감사합니다. 
배추 4포기는 동일한 크기의 배추로 4포기 발송됩니다 :)"
채소애 (사업자 / 개인 사업자),기타,6264183522,jspa******,2024.01.26.,달고 싱싱한 아이로 보내주세요 꼭이요,"안녕하세요. 저희 상품을 주문해주셔서 감사합니다. 
오늘 싱싱한 배추로 잘 준비해서 보내드리겠습니다 :)
좋은 하루 되세요^^"
채소애 (사업자 / 개인 사업자),기타,6264183522,yer0***,2024.01.20.,배추3포기 주문했어요 크기일정한걸로 보내주시고 싱싱한걸로 주세요,"안녕하세요. 저희 상품을 찾아주셔서 대단히 감사합니다. 
다음에 다시 또 찾아주시면 좋은 상품으로 보내드리겠습니다 :)"
채소애 (사업자 / 개인 사업자),상품,6264183522,7s****,2024.01.20.,망배추3입과 그냥 배추3포기 차이가 먼가요?^^,"안녕하세요 :)
문의주셔서 감사합니다.

두 상품 모두 네쪽용 배추이나
망배추는 망작업 된 그대로 3포기 발송되며
배추 3포기는 전처리 후 3포기 발송됩니다.

배추 3포기는 가능한 일정한 크기로 발송되며
망배추는 망작업 특성상 3포기 중 한포기가 
비교적 작은게 섞일 수 있습니다."
채소애 (사업자 / 개인 사업자),기타,6264183522,nico********,2024.01.18.,빠른답변감사합니다 주문했 습니다,"감사합니다.
오늘 잘 준비해서 보내드리겠습니다 :)"
채소애 (사업자 / 개인 사업자),기타,6264183522,nico********,2024.01.18.,지금주문해도 되는지요?,"안녕하세요. 문의주셔서 감사합니다 :) 
배추는 상시 판매 중입니다.
주문해주시면 좋은 상품으로 
보내드리겠습니다."
채소애 (사업자 / 개인 사업자),기타,6264183522,tami*****,2024.01.04.,주문했습니다 꼭!! 해남 배추로 보내주세요,"안녕하세요. 저희 상품을 주문해주셔서 대단히 감사합니다. 
해남 배추로 오늘 잘 준비해서 보내드리겠습니다^^"
채소애 (사업자 / 개인 사업자),배송,6264183522,thmy*****,2023.12.01.,아니 언제쯤 도착하냐고 문의하니까 답장이 없어요,"안녕하세요. 저희 상품을 주문해주셔서 감사합니다.
유선상 안내드린대로 오늘 출고되었습니다.
맛있게 드시길 바라겠습니다 :)"
채소애 (사업자 / 개인 사업자),배송,6264183522,thmy*****,2023.12.01.,주문 했는데 언제쯤 도착하나요,"안녕하세요. 저희 상품을 주문해주셔서 감사합니다.
유선상 안내드린대로 오늘 출고되었습니다.
맛있게 드시길 바라겠습니다 :)"
채소애 (사업자 / 개인 사업자),배송,6264183522,thmy*****,2023.12.01.,지금 주문했습니다 몃일 날 도착하나요,"안녕하세요. 저희 상품을 주문해주셔서 감사합니다.
유선상 안내드린대로 오늘 출고되었습니다.
맛있게 드시길 바라겠습니다 :)"
채소애 (사업자 / 개인 사업자),기타,6264183522,thmy*****,2023.12.01.,지금6포기 주문 할깨요 품길 좋은것으로 부탁 드립니다 수고하세요~^^,"안녕하세요. 저희 상품을 주문해주셔서 감사합니다.
주문해주신 배추 8포기 오늘 2박스로 출고되었습니다. 
맛있게 드시길 바라겠습니다 :)"
채소애 (사업자 / 개인 사업자),배송,6264183522,thmy*****,2023.11.30.,내일주문하면 언재 도착합니까,"안녕하세요. 저희 상품을 주문해주셔서 감사합니다.
유선상 안내드린대로 오늘 출고되었습니다.
맛있게 드시길 바라겠습니다 :)"
채소애 (사업자 / 개인 사업자),배송,6264183522,thmy*****,2023.11.30.,아니 그러니까 오늘이 목요일 인데 내일 금요일 12월1일 발송됩니까,"네, 금요일 출고됩니다.
감사합니다"
채소애 (사업자 / 개인 사업자),"배송, 상품",6264183522,thmy*****,2023.11.30.,오늘주문하면 언제 옵니까 배추 상태가 어느정도 인가요,"안녕하세요. 배추는 맛있고 상태 좋은 배추로 선별하여 보내드립니다. 
오늘 주문해주시면 금요일 출고됩니다. 

상품 발송시 대부분 익일 도착으로 배송되며 
간혹 하루 정도 더 소요되는 경우도 있습니다. 

배추의 경우 3포기, 4포기에 1박스로 출고되어 
동일한 날 출고되어도 다른 날 배송될 때도 
있을 수 있어 1,2일 더 일정 여유롭게 주문해주시면
감사하겠습니다."
채소애 (사업자 / 개인 사업자),상품,6264183522,doub*******,2023.11.30.,해남배추는 언제부터 주문가능할까요?,"안녕하세요. 문의주셔서 감사합니다. 
해남배추는 12월 중순부터 판매됩니다 :)"
채소애 (사업자 / 개인 사업자),상품,6264183522,thmy*****,2023.11.30.,6포기 주문하려는데요 배추 상태가 매우 궁금하고요 속이 노란것인가요,"안녕하세요. 문의주셔서 감사합니다.
배추 상태좋고 속 노랗습니다 :)"
채소애 (사업자 / 개인 사업자),상품,6264183522,thmy*****,2023.11.30.,배추속이 노란것인가요 배추크기가 어느정도인지 알고십네요,"안녕하세요. 문의주셔서 감사합니다.
배추 상태좋고 속 노랗습니다. 
강원도 배추는 크기는 그리 크지 않습니다."
채소애 (사업자 / 개인 사업자),상품,6264183522,leej********,2023.11.29.,김장하려고합니다~배추 며칠까지 구매가능한지요?,"안녕하세요. 문의주셔서 감사합니다. 
배추는 일년 상시 판매하고 있습니다. 
편하신 일정에 맞춰 주문해주세요 :)"
채소애 (사업자 / 개인 사업자),상품,6264183522,thmy*****,2023.11.27.,배추속이 노란색인가요,"안녕하세요. 문의주셔서 감사합니다.
배추마다 알이 찬 정도에 따라 차이는 있겠지만 속 노랗습니다."
채소애 (사업자 / 개인 사업자),상품,6264183522,harm***,2023.11.23.,배추 품종이 뭐일까요?,"안녕하세요. 문의주셔서 감사합니다. 
종자는 추광배추도 있고 청명가을, 휘파람 배추도 있습니다."
채소애 (사업자 / 개인 사업자),"배송, 기타",6264183522,moon******,2023.11.20.,두번째 주문했어요 . 김장하려고 주문 했는데. 좋은 상품 부탁 드려요. 수요일 23일엔 받아볼수 있는거죠?,"안녕하세요. 저희 상품을 다시 찾아주셔서 대단히 감사합니다. 
주문해주신 배추는 오늘 총 10박스로 출고되었습니다. 
상품 발송시 대부분 익일 도착으로 배송해드리고 있습니다만 
간혹 지역에 따라 하루 더 소요되는 경우도 있습니다. 

맛있게 드시길 바라겠습니다^^"
채소애 (사업자 / 개인 사업자),배송,6264183522,etlo****,2023.11.14.,배추 21일 배송 요청했는데 오늘 보내신다는 문자를 받았습니다 오늘 보내시면 저희 김장 못해요 확인 부탁드려요,"안녕하세요.
주문해주신 상품은 21일 전체 출고 예정입니다. 
발송기간 시스템상 송장번호가 등록되어 상품 준비중으로 안내가 되어있습니다. 
다음주 21일 화요일에 잘 준비해서 보내드리겠습니다 :)
감사합니다."
채소애 (사업자 / 개인 사업자),상품,6264183522,suju*****,2023.11.12.,고랭지 배추 판매 안하시나요?,"안녕하세요. 문의주셔서 감사합니다. 
지금 판매하는 배추도 고랭지에서 재배되는 배추입니다 :)"
채소애 (사업자 / 개인 사업자),상품,6264183522,wooj******,2023.11.01.,절임배추는 언제부터 판매시작 하시는지요,"안녕하세요. 저희 상품을 찾아주셔서 감사합니다. 
절임배추 오픈하였습니다. 편하신 일정에 맞춰 주문해주시면
잘 준비해서 보내드리겠습니다 :)"
채소애 (사업자 / 개인 사업자),교환 / 환불,6264183522,soon***,2023.09.18.,안녕하세요 13일 주문한 사람입니다 익일발송되고 늦어도 토요일에 온다고 해서 주문했는데 5일이 지나도록 연락도 없고 출발도 안했네요 이번주에 오면 집에 아무도 없어서 취소해야할것같습니다 배송준비중이어서 취소도 안되네요 연락주세요,"안녕하세요. 우선 빠른 배송으로 전해드리지 못해 대단히 죄송합니다. 
유선상 안내드린대로 처리도와드리겠습니다. 
감사합니다."
채소애 (사업자 / 개인 사업자),기타,6264183522,minh******,2023.09.16.,명절에 맞춰서 시댁에 김치 담아가려고해요 꼭 좋은 상품으로 부탁 드려요,"안녕하세요. 저희 상품을 주문해주셔서 대단히 감사합니다. 
올해는 강원도 배추가 안좋은 경우가 많아 더욱 선별에 신경쓰고 있습니다. 
깨끗한 배추로 잘 확인해서 보내드리겠습니다^^
좋은 하루 되세요!"
채소애 (사업자 / 개인 사업자),배송,6264183522,ppyo******,2023.09.15.,9월15일 금요일 오전8시25분에 주문했는데 9원16일 토요일 받아볼수 있는가요?,"안녕하세요. 저희 상품을 주문해주셔서 대단히 감사합니다. 
오늘 배추 상태가 너무 좋지 않아 출고 불가하여 
다음주 발송으로 안내 연락드렸습니다. 

더욱 빠른 배송으로 전해드리지 못해 죄송합니다.
다른 궁금하신 점 있으시면 
언제든지 연락주세요."
채소애 (사업자 / 개인 사업자),배송,6264183522,ka****,2023.09.07.,방금 주문했고 배송준비중으로 넘어갔는데 오늘 발송 되나요? 싱싱하고 알찬 배추로 보내주세요,"안녕하세요. 저희 상품을 주문해주셔서 대단히 감사합니다. 
주문해주신 배추는 어제 발송되었습니다. 
맛있게 드시길 바라겠습니다^^"
채소애 (사업자 / 개인 사업자),상품,6264183522,nahy*****,2023.09.05.,강원도 고랭지 배추 인데 배송출발이 부산에서 오네요? 강원도 배추 맞나요?,"안녕하세요. 저희 상품을 주문해주셔서 대단히 감사합니다. 
강원도 산지에서 작업하여 당일 부산으로 내려오면 부산에서 선별 작업 후 발송됩니다.
맛있게 드시길 바라겠습니다 :)"
채소애 (사업자 / 개인 사업자),기타,6264183522,okok****,2023.08.31.,비가 많이 와서 배추가 걱정된다고 문의드렸던 사람인데 돌산갓이랑 배추 같이 주문했거든요 꼭 알찬상품으로 부탁드릴게요 만족스러우면 겨울김장때 대량 주문할게요ㅎㅎ,"안녕하세요. 저희 상품을 주문해주셔서 대단히 감사합니다.
오늘 잘 준비해서 보내드리겠습니다 :)"
채소애 (사업자 / 개인 사업자),기타,6264183522,fox9***,2023.08.30.,방금 주문했어요. 좋은 상품으로 부탁드려요.,"안녕하세요. 저희 상품을 주문해주셔서 대단히 감사합니다.
오늘 잘 준비해서 보내드리겠습니다 :)"
채소애 (사업자 / 개인 사업자),기타,6264183522,okok****,2023.08.29.,이번주에 김장하려는데 혹시 언제 시켜야 싱싱한 배추 받아볼수있을까요? 김장재료는 다사놨는데 비가 계속 와서 배추가 걱정되네요ㅜㅜ,"안녕하세요. 문의주셔서 감사합니다. 
지금은 강원도 고랭지 배추로 싱싱한 배추로 발송됩니다. 
잘 확인 후 보내드리겠습니다 :)"
채소애 (사업자 / 개인 사업자),배송,6264183522,y401****,2023.08.18.,지금주문하면화요일에도착하나요?,"네, 화요일 도착 예정이며 혹시나 지역에 따라 택배사 내 지연이 될 경우
하루 정도 더 소요될 수 있습니다."
채소애 (사업자 / 개인 사업자),배송,6264183522,y401****,2023.08.18.,오늘안고월요일배송하시면화요일받았으며해서요,"안녕하세요. 
지금 주문해주시면 월요일 출고 예정입니다.
상품 발송시 대부분 익일 도착으로 배송해드리고 있으며
간혹 지역에 따라 1,2일 더 소요되는 경우도 있습니다. 
감사합니다 :)"
채소애 (사업자 / 개인 사업자),기타,6264183522,jjhh****,2023.08.17.,리뷰가 너무 좋아서 구매했어요~ 크고 싱싱한 배추로 보내주세요^^,안녕하세요. 저희 상품을 주문해주셔서 감사합니다. 오늘 잘 준비해서 보내드리겠습니다 :)
채소애 (사업자 / 개인 사업자),상품,6264183522,park*****,2023.08.16.,배추가맛있어서 김치도 맛있게 담았는것같네요 그런데 배추안이 어떤건 못먹어서 좀버렸어요,"안녕하세요. 배추가 맛있다 하시니 정말 다행이에요^^
전처리시 확인 후 보내드리지만 생물의 특성상 선별시 확인되지 않는 
속에 문제가 있을 경우 바로 연락주시면 처리 도와드리고 있습니다.

다음에 다시 찾아주실 때 배송메모 또는 톡톡 남겨주시면
더욱 신경써서 보내드리겠습니다. 
글 남겨주셔셔 감사드립니다 :)"
채소애 (사업자 / 개인 사업자),상품,6264183522,rodl****,2023.08.14.,저장배추 있으면 저장배추로 보내 주십시요,"안녕하세요. 저희 상품을 구매해주셔서 감사합니다. 
저장배추로 발송해드렸습니다. 
맛있게 드시길 바라겠습니다^^"
채소애 (사업자 / 개인 사업자),"상품, 기타",6264183522,park*****,2023.08.10.,리뷰가많아서 믿고 구매합니다 강원도 배추먖나요 속이꽉차고좋은것으로 보내주세요 혹시벌레있지는않는지요,"안녕하세요. 저희 상품을 주문해주셔서 감사합니다. 
배추는 잘 받아보셨을까요?
맛있게 드시길 바라겠습니다^^
건강한 하루 되세요!"
채소애 (사업자 / 개인 사업자),기타,6264183522,jjii****,2023.08.03.,방금배추믿고주문합니다~신선한걸루잘검수하시고꼭보내주세요.부탁드려욤,안녕하세요. 좋은 상품으로 보내드리겠습니다^^
채소애 (사업자 / 개인 사업자),상품,6264183522,haay****,2023.08.02.,배추에 흠점이 많아요. 어찌 해야 하나요? 답변 바랍니다.,"안녕하세요. 톡톡으로 전체 사진과 함께 해당부분 사진 전송해주시면
확인 후 연락드리겠습니다."
채소애 (사업자 / 개인 사업자),기타,6264183522,ba****,2023.07.20.,주문했음니다 상하지 않은 배추부탁드림니다 수고하세요,"안녕하세요. 저희 상품을 주문해주셔서 감사합니다. 
잘 확인 후 보내드리겠습니다 :)"
채소애 (사업자 / 개인 사업자),기타,6264183522,be44***,2023.07.19.,크기큰걸로 세통구매했습니다. 한통은 거의 상해서 김치담그기 힘들거 같습니다.어찌할까요.두번째 구매하는데 좀 실망스럽네요. 검수안하고 보내주시는지요,"안녕하세요. 우선 만족을 드리지 못해 죄송합니다. 
전처리 후 확인하여 보내드리지만 여름철 배추는 속에서 문제가 되는 경우가 간혹 있습니다. 
톡톡으로 해당 한 포기 사진 전송해주시면 확인 후 처리 도와드리겠습니다."
채소애 (사업자 / 개인 사업자),상품,6264183522,ba****,2023.07.18.,배추 주문가능 한가요? 비가많이와서요,"안녕하세요 .문의주셔서 감사합니다. 
배추 주문 가능합니다 :)"
채소애 (사업자 / 개인 사업자),기타,6264183522,3626******,2023.07.10.,후기보고 주문했어요~^^ 꼼꼼하게 선별후에 보내주세용~♡,"안녕하세요. 저희 상품을 주문해주셔서 대단히 감사합니다.
잘 선별해서 보내드리겠습니다^^"
채소애 (사업자 / 개인 사업자),기타,6264183522,as****,2023.07.03.,좋은걸로보내주셔요.파란겉잎 있는걸로 좀싱싱한걸로부탁해여~,"안녕하세요. 저희 상품을 주문해주셔서 감사합니다. 
오늘 잘 선별해서 발송해드리겠습니다.
좋은 하루 되세요 :)"
채소애 (사업자 / 개인 사업자),상품,6264183522,godo*****,2023.07.03.,망배추하고 배추 3포기하고 차이가 뭔지요 ?,"안녕하세요. 문의주셔서 감사합니다. 
망배추는 망 그대로 3포기 발송되며 배추 3포기는 전처리 후 발송됩니다. 
다만, 지금은 여름 배추 시기상 망배추도 전처리 후 확인 후 보내드리고 있습니다. 

망배추로 주문시 망작업 특성상 3포기 중 작은 포기가 섞일 수 있으며 
배추 3포기로 주문시 일정한 크기로 3포기 선별하여 발송됩니다."
채소애 (사업자 / 개인 사업자),배송,6264183522,aaa8****,2023.06.26.,얼른 보내주세요,"안녕하세요. 저희 상품을 주문해주셔서 감사합니다. 
27일 배송완료로 확인됩니다. 상품은 잘 받아보셨을까요?
맛있게 드시길 바라겠습니다 :)"
채소애 (사업자 / 개인 사업자),"상품, 배송",6264183522,as****,2023.06.26.,오늘주문하면언제받나요.배추는강원도 고냉지배추로받나요?파란겉잎있는배추로받고싶은데 파란겉잎있는걸로 받고싶어요,"안녕하세요. 문의주셔서 감사합니다. 
지금은 경북, 강원도 배추 중 당일 신선한 배추로 보내드립니다. 
지금은 파란 겉잎이 있는 편입니다만 주문시 배송메모 또는 
톡톡에 요청사항 남겨주시면 최대한 맞춰서 보내드리겠습니다."
채소애 (사업자 / 개인 사업자),상품,6264183522,jayu*****,2023.06.01.,망배추를 신청 햇는데 신문지에 포장이 되어서 와서 원산지가 어디인지 표시가 없네요 원산지가 궁금합니다,"안녕하세요. 저희 상품을 주문해주셔서 감사합니다. 
지금은 충청도 또는 경북 문경 배추로 보내드리고 있습니다. 
맛있게 드시길 바라겠습니다^^"
채소애 (사업자 / 개인 사업자),"상품, 기타",6264183522,jayu*****,2023.05.31.,지금주문 했는대 해남 배추 인가요 겉임 붙은거 보내주세요,"안녕하세요. 저희 상품을 주문해주셔서 감사합니다. 
겨울 해남 저장배추는 마무리되어 싱싱한 햇배추로 발송됩니다. 
망배추도 현재 전잎만 손질 후 보내드립니다. 
푸른 겉잎은 있습니다. 

맛있게 드시길 바라겠습니다 ^^"
채소애 (사업자 / 개인 사업자),기타,6264183522,nddn***,2023.05.15.,방금 주문했습니다. 신선한 햇배추로 보내주세요~,안녕하세욬 저희 상품을 주문해주셔서 감사합니다. 오늘 싱싱한 상품으로 보내드리겠습니다:)
채소애 (사업자 / 개인 사업자),상품,6264183522,yml2***,2023.05.07.,요새 파는 배추는 해남인가요 충청도 배추인가요?,"안녕하세요. 문의주셔서 감사합니다.
지금은 충청도 햇 배추로 발송됩니다 :)"
채소애 (사업자 / 개인 사업자),기타,6264183522,kk****,2023.04.22.,상품평이 좋아 구매합니다. 좋은 상품 보내주세요,"안녕하세요. 저희 상품을 주문해주셔서 대단히 감사합니다.
주문해주신 배추는 오늘 발송되었습니다.
맛있게 드시길 바랄게요 :)"
채소애 (사업자 / 개인 사업자),기타,6264183522,wogo***,2023.04.16.,후기보고 주문했어요. 좋은배추 부탁드립니다.,"안녕하세요. 저희 상품을 주문해주셔서 감사합니다. 
오늘 좋은 상품으로 보내드리겠습니다 :)"
채소애 (사업자 / 개인 사업자),배송,6264183522,heyd*****,2023.04.15.,월요일 발송하신 배추가 토요일 오늘도 안오고 있습니다. 확인해주세요,"안녕하세요. 오래 기다려주셔서 감사합니다. 
택배사 확인 결과 16일 배송완료로 확인됩니다. 
상품은 잘 받아보셨을까요? 
배추의 경우 신선도에는 문제없지만 
혹시 상태 확인하시고 궁금하신 점 있으시면
언제든지 연락주세요. 
감사합니다 :)"
채소애 (사업자 / 개인 사업자),배송,6264183522,zzie******,2023.04.13.,아니 말이 되나요? 택배사 전산문제라뇨? 제가 배추를 언제 주문했는데요?! 월요일날 택배발송이 됐는데 오늘 목요일이고 내일은 금요일입니다! 이게 어떻게 택배사 전산문제인지 이해가 안가서 물어봅니다. 그럼 보내신 배추는 다 썩었겠어요?,"안녕하세요. 
주문해주신 상품은 10일 발송 11일 배송완료되어 
상품 수령하신걸로 수령인께 확인하였습니다. 
한 번 더 확인 요청드리겠습니다."
채소애 (사업자 / 개인 사업자),배송,6264183522,zzie******,2023.04.13.,저기 어이가 없어서 그러는데 뭐가 배송완료인가요? 배추도 오지도 않고 ... 구경도 못했는데.. 어제도 하루쟁일 배송중이라고 뜨더니 지금보니 화요일 배송완료라니요? 기가차서.. 양념 다 해놓거 김치담글 준비 다했는데 뭐하시는거예요!!!!,"안녕하세요. 
택배사 전산상 수령으로 처리되어 배송완료 처리된 것 같습니다. 
현재 배송 기사님과 연락이 안되어 내일 오전 택배사 확인 후 
연락드리겠습니다."
채소애 (사업자 / 개인 사업자),배송,6264183522,heyd*****,2023.04.13.,"월요일에 발송하셨는데 목요일인 오늘도 배송되지 않았습니다. 배송사고인듯 한데, 확인 후 다른택배로 발송해주시고, 그게 안된다면 취소해주십시오","안녕하세요. 우선 빠른 배송으로 전해드리지 못해 죄송합니다. 
택배사측에 오늘 중 배송 요청드렸습니다. 

상품 확인하시고 궁금하신 점 있으시면 
언제든지 연락주세요. 감사합니다."
채소애 (사업자 / 개인 사업자),기타,6264183522,rain******,2023.03.28.,배추3포기 주문했다가 취소하고 52망 배추로 변경 주문했어요. 초록 겉잎이 좀 필요해서 변경했어요. 확인 부탁드립니다.,"안녕하세요. 저희 상품을 주문해주셔서 감사합니다.
저장배추이다보니 지금은 푸른잎이 거의 없는 점 미리 안내드립니다. 
잘 준비해서 발송해드리겠습니다."
채소애 (사업자 / 개인 사업자),상품,6264183522,enqn*****,2023.03.21.,안녕하세요 꽃대 올라왔거나 속이 구부러진 배추는 원하지 않아서요.. 지금 20키로 사서 김장해도 배추가 괜찮을까요? 20키로 하려면 몆망 사야 되나요? (50망. 52망 다 아려주세요),"안녕하세요. 문의주셔서 감사합니다.
올해 푸른잎은 적어도 속은 좋은걸로 확인 후 보내드립니다. 
52사이즈 기준 1망에 전처리 후 3포기 9kg 내외로
2망 하시면 약 17-18kg 정도 입니다."
채소애 (사업자 / 개인 사업자),상품,6264183522,se****,2023.03.06.,안녕하세요~ 지금판매하시는 배추는 저장배추인가요? 강릉 솔향배추를 원해서 문의드립니다,"안녕하세요. 문의주셔서 감사합니다.
지금은 해남 저장배추로 보내드립니다.
 
강릉 솔향배추는 저장으로 나오지 않아 
올해 11월경 구매 가능합니다."
채소애 (사업자 / 개인 사업자),배송,6264183522,sund********,2023.02.15.,오늘 도착할줄 알았는데 아직 발송준비중이라고만 뜨네요 금요일 받을수 있게 내일은 꼭 발송해주시기 바랍니다,"안녕하세요. 저희 상품을 주문해주셔서 감사합니다. 
주문해주신 배추는 수요일, 어제 발송되었습니다. 
택배사 전산 등록 시간에 따라 송장흐름이 늦게 확인되는 경우가 
있습니다. 맛있게 드시길 바랄게요 :)"
채소애 (사업자 / 개인 사업자),기타,6264183522,doub*******,2023.02.06.,지금 배추 12포기 쪽파2단 봄동 2키로 주문했습니다 싱싱한 상품 부탁드립니다~,"안녕하세요. 저희 상품을 주문해주셔서 감사합니다. 
싱싱한 상품으로 보내드리겠습니다."
채소애 (사업자 / 개인 사업자),"싱품, 배송",6264183522,doub*******,2023.02.06.,알타리는 무랑 잎상태 어떨까요? 미나리도 싱싱하게 배송될까요? 같이 구매하고싶어서요,"안녕하세요. 문의주셔서 감사합니다.
알타리무 상태는 좋습니다만 시기상 무청은 밭에서부터 누런 전잎이나 끝마름이 있습니다.
미나리도 싱싱한 상품으로 보내드립니다."
채소애 (사업자 / 개인 사업자),상품,6264183522,doub*******,2023.02.05.,52망 배추와 배추 3포기 뭐가 다른가여?,"안녕하세요. 문의주셔서 감사합니다. 
망배추의 망작업 된 그대로 발송되며 
배추 3포기는 전처리 후 발송됩니다.

시기에 따라 망배추도 전처리 후 발송되는 경우가 있습니다만
망작업의 특성상 크고 작은 포기가 섞여있으며 배추 3포기의 경우
일정한 크기로 3포기 선별하여 보내드립니다. 
감사합니다 :)"
채소애 (사업자 / 개인 사업자),배송,6264183522,narn***,2023.01.26.,"주문하고 싶은데, 날씨가 너무 추워 혹시 얼어서 오지 않을까 걱정되네요. 얼지 않게 포장 가능한가요?","안녕하세요. 문의주셔서 감사합니다. 
오늘 날씨에는 발포지 포장으로 보내드리고 있습니다 :)"
채소애 (사업자 / 개인 사업자),기타,6264183522,happ******,2023.01.25.,일요일에 김치담아요 싱싱한걸로 배송바랍니다,"안녕하세요. 저희 상품을 주문해주셔서 감사합니다.
내일 싱싱한 상품으로 발송해드리겠습니다. 
좋은 하루 되세요^^"
채소애 (사업자 / 개인 사업자),배송,6264183522,hunh*****,2023.01.11.,"배추는 온라인 구매가 처음이네요, 장에서나 파는 줄. 주문하면서 명절 전이라 배송이 원할할까 걱정이 좀 되는데 평들이 좋아서 판매자님 믿고 주문했습니다. 배송정보대로 주말 안에 받아서 김치 꼭 담가야 되요. 배송 신경 부탁드려요~~ 주문자 정현희","안녕하세요. 저희 상품을 주문해주셔서 대단히 감사합니다. 
오늘 발송해드렸습니다. 맛있게 드시길 바랄게요^^"
채소애 (사업자 / 개인 사업자),기타,6264183522,knhe****,2023.01.11.,싱싱한 배추 부탁드려요.,"안녕하세요. 저희 상품을 주문해주셔서 감사합니다.
싱싱한 배추로 보내드리겠습니다 :)"
채소애 (사업자 / 개인 사업자),상품,6264183522,be44***,2022.12.11.,한망에 배추 3통인가요?,안녕하세요. 한 망에 배추 3포기입니다. 감사합니다 :)
채소애 (사업자 / 개인 사업자),상품,6264183522,soyo*****,2022.12.07.,지금 주문하면 강원도 배추인가요? 아니면 해남배추인가요?,"안녕하세요. 지금은 강원도 강릉 솔향 배추로 보내드립니다.
지금은 강원도 배추가 맛있습니다. 감사합니다."
채소애 (사업자 / 개인 사업자),상품,6264183522,youn*****,2022.12.05.,오늘 주문하면 강원도배추인가요?,안녕하세요. 오늘 주문시 강원도 배추로 발송됩니다. 감사합니다.
채소애 (사업자 / 개인 사업자),기타,6264183522,kimy********,2022.12.01.,인터넷주문은 처음이라 걱정이네요...좋은 상품으로 잘 부탁드립니다~,"안녕하세요. 저희 상품을 주문해주셔서 감사합니다.
좋은 상품으로 보내드리겠습니다."
채소애 (사업자 / 개인 사업자),상품,6264183522,ehfr*******,2022.11.23.,조금전에 망배추1번으로 12개 주문했는데요 강원도배추가 맞는거죠?,"안녕하세요. 저희 상품을 주문해주셔서 감사합니다. 
강원도 솔향 배추가 맞습니다 :)"
채소애 (사업자 / 개인 사업자),기타,6264183522,rich***,2022.11.23.,"어제 저녁에 배추 주문했어요. 부모님 댁 김장때문에 좀 많이 주문해서 배송걱정은 되는데, 다른 배추랑 섞이지 않게 강원도 배추만 보내주세요. 지난번에 주문했던 배추가 매우 맛있었거든요. 시장이 싸긴 해도 속성재배 배추들이라 맛이 달라서 또 여기서 주문했어요. 이번에도 속 꽉찬 좋은 배추 받았으면 좋겠습니다.","안녕하세요. 다시 찾아주셔서 감사합니다. 
저희는 지금은 강릉 솔향 배추로만 보내드리고 있기 때문에 
안심하셔도 됩니다. 저희도 신경을 쓰지만 
내일 송장흐름이 확인되면 한 번 더 기사님께 
일괄 배송될 수 있도록 요청 부탁드리겠습니다^^ 
감사합니다."
채소애 (사업자 / 개인 사업자),기타,6264183522,dood******,2022.11.21.,아..네 알앗습니다,감사합니다.
채소애 (사업자 / 개인 사업자),상품,6264183522,dood******,2022.11.21.,주문하려니 52망배추가 잇는데 몰 말하는건지모르겟어요,"안녕하세요. 망배추는 50사이즈 (7kg 내외) / 52사이즈(9kg 내외) 입니다.
감사합니다 :)"
채소애 (사업자 / 개인 사업자),배송,6264183522,se****,2022.11.21.,당일 오전에 주문하면 모레 도착한다고 보면 되나요? 시간을 미리 빼놔야돼서요 담주 화요일날 받으려면 언제 주만해야할까요,"안녕하세요. 문의주셔서 감사합니다. 
평일 오전 6시 이전 주문시 당일 발송해되며 
주문 시 배송메모에 배추 원하시는 발송일 남겨주시면 맞춰서 
발송해드리겠습니다. 

배추는 3포기당 1박스로 배송되다보니 여러 박스 주문시 
동일한 날 발송되더라도 다른날 도착하는 경우가 있어 
여유롭게 주문해주시면 좋습니다. 감사합니다."
채소애 (사업자 / 개인 사업자),기타,6264183522,kore*******,2022.11.21.,김장용 배추입니다. 배송되는 시간도 있으니 싱싱한 배추로 배송부탁드려요,"안녕하세요. 저희 상품을 주문해주셔서 감사합니다.
오늘 싱싱한 배추로 발송해드렸습니다. 
맛있게 드시길 바라겠습니다^^"
채소애 (사업자 / 개인 사업자),배송,6264183522,hbhi***,2022.11.20.,"혹시 롯데 택배이시면 다른 택배사로 배송 가능하신가요,? (제 주거지 롯데택배는 몇년째 하루씩 늦거나 다른곳에 배송하거나 아무리 말을해도 항상 무거운 택배로 현관문을 막아 놔서, 롯데택배만 아니면 다 좋으니 다른 택배사 로 보내주실수 있으신가요?)","안녕하세요. 저희는 롯데택배로 배송해드리고 있습니다.
신선식품이다보니 타 택배사 이용시 지연 또는 문제 발생시 
파악이 어려운 점이 있어 이용하지 않고 있습니다."
채소애 (사업자 / 개인 사업자),배송,6264183522,hbhi***,2022.11.20.,택배사가 어딘가요?,안녕하세요. 롯데택배입니다.
채소애 (사업자 / 개인 사업자),교환 / 환불,6264183522,kitt*****,2022.10.21.,사장님 엄마가 오프라인에서 샀다고해서 주문취소했어요 죄송해요. 다음에 주문하겠습니당 취소승인 부탁드려용,"안녕하세요. 주문취소 처리되었습니다.
다음에 다시 찾아주시면 좋은 상품으로 보내드리겠습니다."
채소애 (사업자 / 개인 사업자),"상품, 배송",6264183522,okji*****,2022.08.15.,3망 구입을 희망하는데 언제쯤 입고되나요? 이번주 금요일날까지 받을수 있을까요?,"안녕하세요. 문의주셔서 감사합니다. 
현재는 망배추가 아닌 포기배추로만 
구매가능하며 포기배추 3포기로 구매 옵션 선택 가능합니다.
오늘 주문시 수요일 발송 예정입니다 :)"
채소애 (사업자 / 개인 사업자),상품,6264183522,isl2***,2022.08.08.,"포기배추는 1포기에 15,000 원 인가요?","안녕하세요. 문의주셔서 감사합니다.
배추 1포기 가격이 맞습니다."
채소애 (사업자 / 개인 사업자),상품,6264183522,nahy*****,2022.07.14.,어디 지역에서 재배된건가요?,안녕하세요. 지금은 강원도입니다. 감사합니다.
채소애 (사업자 / 개인 사업자),배송,6264183522,kims****,2022.07.08.,배송 언제되나요?,"상품 잘 받아보셨을까요? 
맛있게 드시길 바라겠습니다^^"
채소애 (사업자 / 개인 사업자),배송,6264183522,mjh7***,2022.07.06.,배송언제도나요,"안녕하세요. 주문해주신 상품은 오늘 발송되었습니다.
송장흐름은 택배사 전산 등록시간에 따라
오후 8시 이후 확인 가능한 점 양해부탁드립니다."
채소애 (사업자 / 개인 사업자),상품,6264183522,fair*****,2022.06.07.,50배추와 52배추는 포기당 무게가 얼마인가요?,"안녕하세요. 문의주셔서 감사합니다. 52배추는 포기당 2kg 내외, 2.5kg 내외이며 
52배추는 3kg 내외입니다. 다만 망 배추의 경우 망 작업시 3포기 중 한 포기는
조금 작은 크기가 들어있습니다."
채소애 (사업자 / 개인 사업자),상품,6264183522,lo****,2022.03.08.,김장을 다 먹어가서 새로 담그려고 하는데 2.5kg로 살지 3kg가 나을지 감이 안서서 문의드립니다..직접 살때 무게를 재서 사지는 않으니까요 ^^; 배추상태도 궁금해요...좋으면 6개 사려고 하는데...,"안녕하세요. 
배추 상태 좋은걸로 선별해서 작업해드립니다.
2.5kg, 3kg 크기 차이라 조금 더 큰걸 찾으시면 3kg
적당한 크기는 2.5kg 주문해주시면 될 것 같아요 :)"
채소애 (사업자 / 개인 사업자),교환 / 환불,5546458502,kimj*******,2024.04.10,주문한 상품의 포장이 불량해서 교환 요청드립니다. 확인 후 연락 부탁드립니다.,안녕하세요. 불편을 드려 죄송합니다. 빠르게 교환 처리를 도와드리겠습니다.
채소애 (사업자 / 개인 사업자),교환 / 환불,5546458502,jind*****,2024.04.08,상품이 파손된 상태로 도착했습니다. 교환 가능할까요?,안녕하세요. 파손으로 인한 불편을 드려 죄송합니다. 곧바로 교환 절차를 안내해 드리겠습니다.
채소애 (사업자 / 개인 사업자),교환 / 환불,5546458502,hyeo*****,2024.03.29,품질이 생각보다 좋지 않아 반품하고 싶습니다. 처리 부탁드립니다.,안녕하세요. 상품이 기대에 미치지 못해 죄송합니다. 반품 절차를 안내드리겠습니다.
채소애 (사업자 / 개인 사업자),교환 / 환불,5546458502,sunm*****,2024.03.22,신선도가 떨어진 채소를 받았습니다. 교환 가능한가요?,안녕하세요. 신선한 상품을 드리지 못해 죄송합니다. 즉시 교환해드리겠습니다.
채소애 (사업자 / 개인 사업자),교환 / 환불,5546458502,yooo*****,2024.03.20,주문한 물품이 다른 것으로 왔습니다. 교환 요청드립니다.,안녕하세요. 잘못된 상품이 발송되어 죄송합니다. 바로 교환해드리겠습니다.
채소애 (사업자 / 개인 사업자),교환 / 환불,5546458502,jinu*****,2024.03.15,배송이 너무 지연되어 취소 요청드립니다.,안녕하세요. 배송 지연으로 불편을 드려 죄송합니다. 취소 처리 도와드리겠습니다.
채소애 (사업자 / 개인 사업자),교환 / 환불,5546458502,park*****,2024.03.10,상한 채소가 와서 반품하려고 합니다. 확인 후 연락주세요.,안녕하세요. 상한 상품으로 불편을 드려 죄송합니다. 반품 처리해드리겠습니다.
채소애 (사업자 / 개인 사업자),교환 / 환불,5546458502,kimj*******,2024.03.05,상품이 제 생각과 달라 반품 원합니다.,안녕하세요. 기대에 부응하지 못한 점 사과드립니다. 반품 진행해드리겠습니다.
채소애 (사업자 / 개인 사업자),교환 / 환불,5787852677,lee9*****,2024.02.28,다른 상품이 배송되어 취소하고 싶습니다.,안녕하세요. 혼선을 드려 죄송합니다. 주문 취소해드리겠습니다.
채소애 (사업자 / 개인 사업자),교환 / 환불,5787852677,moon*****,2024.02.25,파손된 제품을 받았습니다. 교환 부탁드려요.,안녕하세요. 파손된 상품으로 불편을 드려 죄송합니다. 교환 진행하겠습니다.
채소애 (사업자 / 개인 사업자),교환 / 환불,5787852677,minj*****,2024.02.22,너무 늦게 도착해서 취소 요청합니다.,"안녕하세요. 배송 지연에 대해 사과드리며, 취소 처리해드리겠습니다."
채소애 (사업자 / 개인 사업자),교환 / 환불,5787852677,nari*****,2024.02.20,받은 상품의 품질이 좋지 않아서 환불 요청합니다.,안녕하세요. 품질로 인해 불편을 드려 죄송합니다. 환불 처리 도와드리겠습니다.
채소애 (사업자 / 개인 사업자),교환 / 환불,5787852677,juny*****,2024.02.18,주문한 상품과 다른 것이 와서 반품 요청드립니다.,안녕하세요. 착오로 인한 불편을 드려 죄송합니다. 반품 처리하겠습니다.
채소애 (사업자 / 개인 사업자),교환 / 환불,5787852677,kwon*****,2024.02.15,상품 상태가 안 좋아 반품하고 싶습니다.,안녕하세요. 불편을 드려 죄송합니다. 반품 절차 안내드리겠습니다.
채소애 (사업자 / 개인 사업자),교환 / 환불,5787852677,sang*****,2024.02.12,파손된 상품이 도착하여 교환 요청합니다.,안녕하세요. 불편을 드려 죄송합니다. 교환 절차를 도와드리겠습니다.
채소애 (사업자 / 개인 사업자),교환 / 환불,5787852677,choi*****,2024.02.10,예상보다 상품이 늦게 도착해서 취소하려고 합니다.,안녕하세요. 배송 지연으로 불편을 드려 죄송합니다. 취소 처리하겠습니다.
채소애 (사업자 / 개인 사업자),교환 / 환불,5787852677,park*****,2024.02.05,상품에 문제가 있어 교환 요청드립니다.,안녕하세요. 불편을 드려 죄송합니다. 빠르게 교환 처리하겠습니다.
채소애 (사업자 / 개인 사업자),교환 / 환불,5787852677,hana*****,2024.02.03,상태가 좋지 않은 상품이 도착했습니다. 교환 가능할까요?,안녕하세요. 기대에 못 미쳐 죄송합니다. 교환 진행하겠습니다.
채소애 (사업자 / 개인 사업자),교환 / 환불,6264183522,kim1*****,2024.01.29,다른 물건이 와서 반품 원합니다.,안녕하세요. 잘못된 발송으로 불편을 드려 죄송합니다. 반품 처리해드리겠습니다.
채소애 (사업자 / 개인 사업자),교환 / 환불,6264183522,jiyu*****,2024.01.25,상품이 만족스럽지 않아 반품하고 싶습니다.,안녕하세요. 만족스럽지 못한 상품으로 불편을 드려 죄송합니다. 반품 도와드리겠습니다.
채소애 (사업자 / 개인 사업자),교환 / 환불,6264183522,hyun*****,2024.01.20,파손된 상품을 받았습니다. 교환 요청드립니다.,안녕하세요. 파손으로 인한 불편을 드려 죄송합니다. 교환 절차를 진행하겠습니다.
채소애 (사업자 / 개인 사업자),교환 / 환불,6264183522,yoon*****,2024.01.18,배송 지연으로 인해 주문을 취소하고 싶습니다.,"안녕하세요. 배송 지연에 대해 사과드리며, 취소 처리 도와드리겠습니다."
채소애 (사업자 / 개인 사업자),교환 / 환불,6264183522,hanj*****,2024.01.15,상태가 좋지 않은 상품을 받아서 반품하려고 합니다.,안녕하세요. 상태로 인해 불편을 드려 죄송합니다. 반품 처리하겠습니다.
채소애 (사업자 / 개인 사업자),교환 / 환불,6264183522,sukj*****,2024.01.10,주문과 다른 상품이 도착해서 반품 요청합니다.,안녕하세요. 잘못된 상품으로 불편을 드려 죄송합니다. 반품 절차 안내해드리겠습니다.
채소애 (사업자 / 개인 사업자),교환 / 환불,6264183522,shon*****,2024.01.08,상품 상태가 불량하여 교환 요청드립니다.,안녕하세요. 상태 불량으로 불편을 드려 죄송합니다. 교환 진행하겠습니다.
채소애 (사업자 / 개인 사업자),교환 / 환불,6264183522,jinw*****,2024.01.05,배송 지연으로 취소 요청드립니다.,안녕하세요. 배송이 늦어 죄송합니다. 취소 처리해드리겠습니다.
채소애 (사업자 / 개인 사업자),교환 / 환불,6264183522,seok*****,2024.01.02,상품 상태가 좋지 않아서 환불 요청드립니다.,안녕하세요. 불편을 드려 죄송합니다. 환불 절차를 진행하겠습니다.
채소애 (사업자 / 개인 사업자),교환 / 환불,6264183522,moon*****,2024.01.01,받았는데 파손된 상태입니다. 교환 가능할까요?,안녕하세요. 파손으로 인해 불편을 드려 죄송합니다. 즉시 교환 도와드리겠습니다.